:020000040800F2
:1000000098090020890200087B450008C7190008EC
:1000100079450008B1080008C94B0008000000003D
:100020000000000000000000000000009F450008E4
:10003000B3080008000000009D4500083546000890
:10004000A3020008A3020008A3020008A3020008FC
:10005000A3020008A3020008A3020008A3020008EC
:10006000A3020008A3020008A3020008A3020008DC
:10007000A3020008A3020008A3020008A3020008CC
:10008000A3020008A3020008A3020008A3020008BC
:10009000A3020008A3020008A3020008A3020008AC
:1000A000A3020008A3020008A3020008A30200089C
:1000B000A3020008A30200088D460008A30200085E
:1000C000A3020008A3020008A3020008A30200087C
:1000D000A30200089D4B0008A3020008A302000829
:1000E000A3020008A3020008A3020008A30200085C
:1000F000A3020008A3020008A3020008A30200084C
:10010000A3020008A3020008A3020008A30200083B
:10011000A3020008A3020008A3020008A30200082B
:10012000A3020008A3020008A3020008A30200081B
:10013000A3020008A3020008A3020008A30200080B
:10014000A3020008A3020008A3020008A3020008FB
:10015000A3020008A3020008A3020008A3020008EB
:10016000A3020008A3020008A3020008A3020008DB
:10017000A3020008A3020008A30200080000000078
:10018000A3020008A302000800F002F800F06DF8D6
:100190000AA090E8000C82448344AAF10107DA45E2
:1001A00001D100F062F8AFF2090EBAE80F0013F0C7
:1001B000010F18BFFB1A43F001031847B8A600004F
:1001C000D8A600000A444FF0000C10F8013B13F0D1
:1001D000070408BF10F8014B1D1108BF10F8015BA0
:1001E000641E05D010F8016B641E01F8016BF9D193
:1001F00013F0080F1EBF10F8014BAD1C0C1B09D1EA
:100200006D1E58BF01F801CBFAD505E014F8016B5B
:1002100001F8016B6D1EF9D59142D6D370470000ED
:100220000023002400250026103A28BF78C1FBD8FF
:10023000520728BF30C148BF0B607047642900F0E7
:10024000A180752900F09E80782900F0D78063296D
:1002500000F02B82732900F03082002070471FB518
:1002600005F0EAFE1FBD10B510BD00F059FA1146A9
:10027000FFF7F5FF04F0EEFC00F077FA03B4FFF7A8
:10028000F2FF03BC04F0A8FC094880470948004776
:10029000FEE7FEE7FEE7FEE7FEE7FEE7FEE7FEE736
:1002A000FEE7FEE704480549054A064B7047000093
:1002B00039460008890100089803002098090020A9
:1002C0009805002098050020704700000FB40449ED
:1002D00010B503AA029800F0F5F910BC5DF814FB04
:1002E0001000002070B5044685690068C10601D57C
:1002F000302600E02026C00707D070BDD4E90121D8
:1003000030469047206A401C20626D1EF6D570BDB5
:1003100070B5044685690078C00707D170BDD4E97F
:10032000012120209047206A401C20626D1EF6D5D6
:1003300070BD70B50C460546012A05D028788006A8
:1003400000D5EA69002302E0012305E05B1C93422B
:1003500002D2E05C0028F9D1A869E618C01AA861A9
:10036000286A184428622846FFF7BCFF04E0D5E954
:10037000012114F8010B9047B442F8D32846FFF747
:10038000C7FF70BD2DE9F0410646002410687529AD
:10039000314616A510D0AFF30080002802DA4042A3
:1003A00013A507E031688A0701D512A502E04907C5
:1003B00004D511A5012401E0AFF3008000210A2239
:1003C00006F1240709E0B0FBF2FCB0FBF2F302FBFC
:1003D0001C00303078541846491C0028F3D12346BD
:1003E0002A463046BDE8F04100F0FCB800000000AD
:1003F0002D0000002B0000002000000070B5044616
:100400000D4621461068AFF300802188090502D50A
:100410000F4A7A4402E00E4A7A440E32002104F177
:10042000240305E000F00F060009965D5E54491CA8
:100430000028F7D120780023000704D5702D02D0C2
:1004400009B1022311322046BDE8704000F0CAB85D
:100450008EA300002DE9F05F894604464FF0000AA4
:10046000DFF874B1FB44C0F820A02046E16888475B
:10047000002874D0252806D0D4E901219047206AAD
:10048000401C2062F1E700265F462046E16888476D
:100490002028054607DB312D05D2781910F8200CED
:1004A00008B10643F1E7B00701D526F00406C4F809
:1004B0001CA00027C4F818A02A2D09D0284604F053
:1004C00084FB38B304EB8708303DC8F8185019E0B6
:1004D00059F8041B204604EB87029161E1688847C4
:1004E000012F054618D1E069002820DA26F0200601
:1004F0001DE0D8F8180000EB800005EB4000303814
:10050000C8F818002046E1688847054604F05DFBFE
:100510000028EED1012F0AD02E2D08D12046E16807
:1005200088477F1C0546022F46F02006C4DBA069E1
:10053000002803DA404246F00106A061F00701D02E
:1005400026F010066C2D0BD0682D09D04C2D39D01B
:100550006A2D35D0742D35D07A2D33D016E038E0A1
:10056000E1682F4620468847B842054609D16C2FDE
:1005700026D04FF48060E168064320468847054650
:1005800004E06C2F1AD04FF4807006430DB3A5F130
:100590004100192802D8203546F400664A4629460B
:1005A000204626604E46FFF749FE80B101280BD059
:1005B000F61D26F0070000F1080956E74020E4E7A1
:1005C0008020D8E70020D6E706F104094DE7284649
:1005D00052E7206ABDE8F09F64A3000070477047AF
:1005E000704770472DE9F0470D46994692460446FC
:1005F00000F124080168880604D5E06921F01001A3
:10060000216000E00120A84201DD471B00E0002737
:10061000A1697A1902EB0900081AA0612078C006C6
:1006200002D42046FFF75EFE002608E0D4E901214F
:100630001AF806009047206A401C761C20624E453E
:10064000F4DB2078C0060AD52046FFF74BFE06E013
:10065000D4E9012130209047206A401C2062381ED6
:10066000A7F10107F4DC07E0D4E9012118F805003F
:100670009047206A401C2062281EA5F10105F3DC8A
:100680002046FFF745FE2078000602D50220BDE88F
:10069000F0870120FBE710B5436913B1AFF3008089
:1006A00001E0FFF746FE012010BD127800F12401A1
:1006B0000A7000224A700122EDE711684FF0FF3204
:1006C000E9E70000074B70B50D467B4400F011F8D8
:1006D0000446284600F020F810B14FF0FF3070BDFE
:1006E000204670BD7345000001694A1C026108780C
:1006F000704700B58FB0CDE9013100210591054962
:100700007944CDE9031011466846FFF7A3FE0FB008
:1007100000BD0000E5FFFFFF007B00F08000704798
:10072000754600F02BF8AE4605006946534620F0AA
:100730000700854618B020B5FFF7B4FDBDE820409E
:100740004FF000064FF000074FF000084FF0000B8D
:1007500021F00701AC46ACE8C009ACE8C009ACE840
:10076000C009ACE8C0098D46704710B50446AFF328
:1007700000802046BDE81040FFF780BD004870476C
:1007800038030020484910B54A6822F440324A60D4
:100790004A6843681A434A6001684A6822F48072D2
:1007A0004A6001684A68036942EA03224A600168B4
:1007B0004A6822F040724A6001684A6883681A43B6
:1007C0004A6001688A6822F400628A6001688A6867
:1007D000C3681A438A60816A6FF07062D14201680F
:1007E0008A6822F070628A6001688A680CD0836A25
:1007F0001A438A6001688A6822F040528A60016860
:100800008A68C36A1A4301E022F040528A60016894
:100810008A6822F002028A6001688A68836942EA73
:1008200043028A60016A002901684A6815D042F4CF
:1008300000624A6001684A6822F460424A600168C6
:100840004B684FF46044426A94FAA4F4B4FA84F416
:10085000521EA24013434B6002E022F400624A6041
:100860000168CA6A22F47002CA620168CA6A838B8C
:100870000E4C04EB03531A43CA6201688A6822F4DF
:1008800000728A6001688A68036B42EA43228A60C8
:1008900001688A6822F480628A6001688A68406917
:1008A00042EA8020886010BD002301400000F0FF74
:1008B000FEE7704770B5B3F5804F05D06FF070411B
:1008C00040F82210002070BD50F82230084C234020
:1008D000D1E9004544EA05148D688E892D0245EA68
:1008E000064589692C430C431C4340F82240E9E744
:1008F0000000F0CFF0B50C6850F82450114A1540B4
:10090000D1E90123D1E903671A433E4332434E69DB
:1009100032438E693243CE6932430E6A32434E6AA5
:1009200032438E6A3243CE6A3243CE6B096B324316
:100930000A432A43082B01D142F0400240F8242008
:100940000020F0BD8000F0FF30B500EB820042686F
:10095000D1E9003443EA04138C688D89240244EA07
:10096000054423430C8A084D02F0404205EB045431
:1009700023430C7D6D0105EB0464896923430B431C
:1009800013434360002030BD0000F0FF1FB56946EF
:100990000090012001900720029000200390084859
:1009A00000F028F8064800F071F90A21044800F028
:1009B0001BF9034800F0C4F804B080B210BD000079
:1009C000B40200202DE9F04100250E4607462C46D2
:1009D00008E03846FFF7DAFF0544052004F008F97F
:1009E000641CE4B2B442F4D3B5FBF6F080B2BDE8C7
:1009F000F081000078B50024009490F83C20012A92
:100A000019D0012280F83C200A6807250368092ACA
:100A100013D9DE680A3A02EB42029540AE43DE602B
:100A20000A788B680A3A02EB420293400268D56862
:100A30002B43D36010E0022078BD1E6902EB420216
:100A40009540AE431E610A788B6802EB42029340E8
:100A5000026815692B4313614A681F25072A13D2C0
:100A600003685E6B521E02EB82029540AE435E63EA
:100A70000A8893B20A79521E02EB820293400268FE
:100A8000556B2B43536327E003680D2A12D21E6B6C
:100A9000D21F02EB82029540AE431E630A8893B2D6
:100AA0000A79D21F02EB820293400268156B2B4336
:100AB000136311E0DE6A0D3A02EB82029540AE4309
:100AC000DE620A8893B20A790D3A02EB8202934001
:100AD0000268D56A2B43D362164B0568144A9D42BF
:100AE00006D10D68122D03D1556845F48005556077
:100AF00005689D4218D10B68102B01D0112B13D122
:100B0000536843F400035360096810290CD10A4963
:100B10000A4A0968B1FBF2F101EB8101490000E0EA
:100B2000491E00910029FBD180F83C40002078BD8F
:100B300000230140002001400000002040420F003F
:100B40000068C06C704770B504004FF0000603D019
:100B5000206C002510B107E0012070BD656484F8A9
:100B60003C50204600F01AF8206CC00610D4206CCF
:100B700020F4885040F0020020642046FFF702FE77
:100B80006564206C20F0020040F00100206400E069
:100B9000012684F83C50304670BD0000104800B576
:100BA000026887B0002142F480720260006800F49D
:100BB000807005900A481438026842F00102026011
:100BC000006800F001000590202000900320CDE98E
:100BD00001016946034800F0C9F807B000BD0000F4
:100BE00044380240000002402DE9F041044600680C
:100BF0000D4681684FF0000749050BD58068C00598
:100C000008D5206C40F02000206484F83C7001205E
:100C1000BDE8F08100F096F906460FE0681C0DD0A3
:100C200025B100F08FF9801BA84207D9206C40F055
:100C30000400206484F83C700320E9E72068006821
:100C40008007EBD521686FF012000860206C40F43B
:100C5000007020642068816811F0405F13D1A169A1
:100C600089B9C16A11F4700F02D0806840050AD4B6
:100C7000206C20F480702064206CC00403D4206CAD
:100C800040F0010020640020C2E7000018B50022F7
:100C9000009290F83C10012907D0012180F83C1007
:100CA00001688B68DB0702D011E0022018BD8B6859
:100CB00043F001038B602049204B0968B1FBF3F13D
:100CC00001EB410100E0491E00910029FBD10168C0
:100CD0008B68DB072DD0036C40F20164A34343F41F
:100CE000807303644B685B0505D5036C23F40053E4
:100CF00043F480530364036CDB0404D5436C23F09A
:100D00000603436400E0426480F83C200C4A6FF024
:100D100022030B6051680068C90602D00949884265
:100D200007D1816811F0405F03D1816841F08041B3
:100D30008160002018BD00000000002040420F002C
:100D4000002301400020014090F83510022903D013
:100D50008021416501207047052180F83510006829
:100D6000016821F001010160002070472DE9F84F72
:100D7000DFF88C91002209F1040A0AF1040B4FF00C
:100D80000F080BF1040E01260B6896403340B34266
:100D900071D14C68022C01D0122C11D1D40800EB77
:100DA00084073D6A5407E40E08FA04FC25EA0C05A2
:100DB000D1F810C00CFA04FC4CEA050CC7F820C0AE
:100DC00007685400032591F804C0A5400CF0030CFB
:100DD000AF430CFA04FC4CEA070CC0F800C04F68A3
:100DE000012F05D0022F03D0112F01D0122F11D1C6
:100DF0008768D1F80CC0AF430CFA04FC4CEA070C2E
:100E0000C0F808C04768B7430E79C6F3001696408D
:100E10003E434660C668AE438D68A5403543C56015
:100E20004C68E40065D5374C256845F4804525605D
:100E3000246822F0030504F480440094324C2E19F7
:100E4000D6F808789407250F08FA05F4A7432F4C25
:100E5000A04201D1002424E02D4CA04201D1012464
:100E60001FE02C4CA04201D102241AE02A4CA042DF
:100E700002D1032415E03CE0284CA04201D1042417
:100E80000FE0274CA04201D105240AE0254CA042E6
:100E900001D1062405E0244CA04201D1072400E042
:100EA0000824AC403C43C6F80848D9F800404D46F9
:100EB0004E689C43F60300D51C432C60DAF80040D2
:100EC00055464E689C43B60300D51C432C60DBF8A6
:100ED00000405D464E689C43F60200D51C432C60E2
:100EE000DEF8004075464E689C43B60200D51C43B0
:100EF0002C60521C102AFFF446AFBDE8F88F0000AA
:100F0000003C0140443802400030014000000240F3
:100F10000004024000080240000C024000100240A1
:100F20000014024000180240001C02400AB1816116
:100F300070470904FBE7000001480068000C704797
:100F4000002004E001480068704700000400002011
:100F500002480168491C016070470000040000203D
:100F6000094810B5016841F400710160016841F45D
:100F700080610160052000F049F80F2000F006F8BC
:100F800000F018F8002010BD003C024010B50446E7
:100F900007484FF47A710068B0FBF1F000F088FB6D
:100FA00000222146501E00F011F8002010BD000064
:100FB00000000020704700F01F020121914040090D
:100FC000800000F1E020C0F800117047F0B40E4B33
:100FD0001B68C3F30223C3F10704042C00D90424C3
:100FE0001D1D072D01D2002300E0DB1E012606FA9D
:100FF00004F56D1E0D409D409E40761E164045EA4C
:101000000601F0BC03F0BABA0CED00E0064A00F0AD
:10101000070110684FF6FF03184040EA012003491A
:1010200008431060704700000CED00E00000FA0576
:101030002DE9F047DFF85C9104460E46D9F8000030
:1010400000F00F01F0B28046B14207D289F80000EB
:10105000D9F8000000F00F00B04271D120784E4F57
:10106000800705D53868A16820F0F0000843386093
:101070002078C00756D048496068083901281AD03E
:1010800002281BD0032819D009688907002957DADC
:10109000396821F0030101433960FFF753FF05462A
:1010A000606841F28831012811D002281CD0032841
:1010B0008A4625D032E009688903E7E70968890193
:1010C000E4E7FFF73FFF411B514501D923E08A4682
:1010D0003868C0F381000128F3D123E0FFF732FF25
:1010E000411B514501D916E08A463868C0F381009A
:1010F0000228F3D116E0FFF725FF411B51450AD81E
:101100003868C0F381000328F5D10BE0FFF71AFF20
:10111000411B514502D90320BDE8F087386810F023
:101120000C0FF3D1D9F80010484601F00F01B1427D
:1011300008D980F80080006800F00F00B04201D0AC
:101140000120E9E72078400705D53868E16820F4F8
:10115000E050084338602078000706D538682169D8
:1011600020F4604040EAC100386000F04BF8396874
:10117000F02292FAA2F201F0F001B2FA82F2D1402A
:10118000064A515CC840064908600F20FFF7FEFE82
:101190000020C1E7003C0240083802404C600008D3
:1011A0000000002008480949006809684FF4E0522F
:1011B00092FAA2F201F4E051B2FA82F2D140044A6A
:1011C000515CC84070470000000000200838024011
:1011D0005C60000808480949006809684FF46042EB
:1011E00092FAA2F201F46041B2FA82F2D140044ACA
:1011F000515CC840704700000000002008380240E1
:101200005C60000830B51948006810F00C011848FF
:1012100012D0441004290ED008290DD1134A121FF0
:101220001168136801F03F015D0247F6C07304D5F1
:10123000B4FBF1F003E0204630BDB0FBF1F01168E3
:10124000194093FAA3F3B3FA83F3D94048431168E2
:101250004FF4403292FAA2F201F44031B2FA82F233
:10126000D140491C4900B0FBF1F030BD08380240C4
:101270000024F4002DE9F84F04460078DFF8F4A2CA
:10128000BD4DC00748D0DAF800105046C1F38101C7
:10129000012908D00068C0F3810002280AD1281D66
:1012A0000068400206D52868800335D560680028AC
:1012B00070D031E06068B0F5803F10D0B0F5A02F5D
:1012C000286810D020F480302860286820F480201E
:1012D00028606068A0B1FFF735FE06460CE028687C
:1012E00040F48030F4E740F480202860F7E7FFF70F
:1012F00029FE801B642873D828688003F7D50BE08B
:10130000FFF720FE064604E0FFF71CFE801B642862
:10131000F1D828688003F7D42078DFF8608280074E
:101320004FF0010B4FF0000943D5DAF8001050469A
:1013300011F00C0F4FF0F80709D00068C0F38100DE
:1013400002280BD18B48001F0068400206D4286891
:10135000800713D5E06801281CD10FE0E068D0B108
:10136000C8F800B0FFF7EEFD064604E0FFF7EAFD1F
:10137000801B0228BFD828688007F7D5286897FA0D
:10138000A7F22169B2FA82F220F0F80091400843F6
:1013900028600EE0EBE0C8F80090FFF7D3FD0646AA
:1013A00004E0FFF7CFFD801B022819D828688007CA
:1013B000F7D42078000722D56E4F714861696C37E9
:1013C00079B1C0F800B0FFF7BDFD064604E0FFF7B5
:1013D000B9FD801B022803D838688007F7D50EE0D6
:1013E00079E0C0F80090FFF7ADFD064604E0FFF796
:1013F000A9FD801B02286ED838688007F7D42078B2
:10140000400750D55B483830016841F08051016099
:1014100000685C4F00F080500090386840F48070A5
:101420003860FFF78FFD064604E0FFF78BFD801B59
:10143000022850D83868C005F7D54E4FA0686837E5
:1014400001280FD00528386810D020F0010038603E
:10145000386820F004003860A068B0B1FFF772FD72
:1014600006460EE0386840F00100F4E740F0040062
:101470003860F7E7FFF766FD811B41F28830814253
:101480006DD838688007F5D50DE0FFF75BFD06469F
:1014900006E0FFF757FD811B41F2883081425ED89C
:1014A00038688007F5D4A069F0B3DAF80010C1F30A
:1014B000810102295BD00228484605D0C8F86000A7
:1014C000FFF740FD04464DE04746C8F86000FFF7CF
:1014D00039FD064605E042E0FFF734FD801B022897
:1014E0003DD828688001F7D4D4E90701084347F6BE
:1014F000C07292FAA2F2616AB2FA82F29140A26AD2
:101500004FF0FF3303EB52024FF4403393FAA3F34F
:10151000B3FA83F39A4011434FF0706292FAA2F249
:101520000843B2FA82F200E01FE0E16A914008430A
:101530001049091F0860C7F860B0FFF703FD0446B3
:1015400004E0FFF7FFFC001B022808D82868800190
:10155000F7D50AE0FFF7F6FC001B022802D90320AA
:10156000BDE8F88F28688001F4D40020F8E7012056
:10157000F6E7000008380240003802400000474209
:10158000800E47420070004070B515460E460400BC
:1015900003D094F8490010B107E0012070BD00208D
:1015A00084F84800204600F01BF804F10801206888
:1015B000FFF7A0F93146A2682068FFF7C5F9D4E922
:1015C00001022946236BFFF775F9A168206850F8DE
:1015D000212042F0010240F82120002070BD0000CF
:1015E000284810B5016886B041F00101016000682B
:1015F00000F00100059023480838016841F0080117
:101600000160016801F008010591016841F01001D5
:101610000160016801F010010591016841F02001AD
:101620000160016801F020010591016841F040016D
:1016300001600068694600F0400005904CF233708C
:1016400000900220019001200290032003900C20C2
:1016500004900D48FFF78AFB4FF6807000906946B2
:101660000A48FFF783FB4FF480546946084800940A
:10167000FFF77CFB694607480094FFF777FB06B04D
:1016800010BD000038380240000C0240001002403B
:1016900000140240001802404FF0E02104280869BD
:1016A00003D020F004000861704740F00400FAE71E
:1016B00010B5401EB0F1807F01D3012010BD4FF066
:1016C000E02460610F21601702F058FF0020A06144
:1016D00007202061002010BD10B5040003D094F84D
:1016E000390010B107E0012010BD002084F8380057
:1016F000204600F00CF8022084F83900211D2068F3
:1017000002F0DEFF012084F83900002010BD704790
:101710000168CA6842F00102CA600068016841F0CD
:101720000101016000207047704710F8391F4078B0
:101730000843704770B5026804461068D168536961
:1017400010F00F0F50D003F0010501F490763543EF
:101750005DD0C20705D0CA0503D5E26B42F0010295
:10176000E263420705D5DA0703D0E26B42F00202DA
:10177000E263820705D5DA0703D0E26B42F0040288
:10178000E263020705D5DA0703D0E26B42F00802F4
:10179000E263E26B002A33D0800604D5880602D5C6
:1017A000204603F02DF820684069E16BC0F38010FB
:1017B000090700D428B3204603F014F820684169D3
:1017C00049061AD5416921F040014161606BA0B121
:1017D0001B490165606BFFF7B7FA002810D0606BFA
:1017E000016DBDE870400847830610D58B060ED505
:1017F0002046BDE8704003F003B82046FFF794FF91
:1018000070BD2046FFF790FF0020E06370BD030627
:1018100006D50B0604D52046BDE8704003F08CB910
:101820004006F3D54806F1D5D168204621F04001A5
:10183000D160202184F8391000F0C4F870BD000098
:10184000D547000870B5040004D094F8390000258D
:1018500010B106E0012070BD84F83850204600F039
:1018600023F8242084F839002068C16821F400514D
:10187000C160204603F00AF82068016921F4904114
:1018800001612068416921F02A0141612068C16835
:1018900041F40051C160E563202084F8390084F8E8
:1018A0003A00002070BD000010B500681A4986B0EB
:1018B00088422FD11948016841F001010160006898
:1018C00000F00100059015481430016841F0100146
:1018D00001600068012100F0100005904FF40070D5
:1018E00000900220CDE90101039007200C4C0490E8
:1018F00069462046FFF73AFA2115009169462046CD
:10190000FFF734FA2520FFF756FB03221146252066
:10191000FFF75CFB06B010BD0010014030380240FC
:101920000000024090F83A30202B1DD1D1B1CAB14D
:1019300090F83830012B17D081628285C285002152
:10194000C163222280F83A2080F8381001684A6981
:1019500042F001024A610068C16841F49071C160BF
:1019600000207047012070470220704730B50068A2
:10197000114988420CD1114A5088010408D41146FB
:10198000440409784FF0000306D50A2901D053809A
:1019900030BD40F400400DE00D2909D0C0F30D0426
:1019A000074D401C80B229555080C728EFD830BD64
:1019B00040F48040508030BD001001400C000020F9
:1019C0004C0100207047FEE770B5134886B0002533
:1019D000016841F001010160016801F00101059118
:1019E000016841F0100101600068032400F010005C
:1019F00005900120022603948DE86100694607489E
:101A0000FFF7B4F9102003948DE86100694604489B
:101A1000FFF7ACF906B070BD30380240000002405C
:101A20000010024070B506460A4800240188458827
:101A300020464D43214602F0D5FB02F049FDB1B2EC
:101A40004FF0D84002E0A0F88010641CAC42FAD3FA
:101A500070BD0000A40200202DE9F04F334B2C2470
:101A6000194698712A2589882B2645F2105B4FF478
:101A7000305E4FF448774FF0F00949F2413A4FF4A5
:101A8000A07845F2103C4FF4F07258B1A3F80080F2
:101A9000A3F80290514501D0614529D11C815D8197
:101AA0009E8139E0A3F80090A3F80280514501D04F
:101AB000614508D11C815D819E81614531D1A3F8CA
:101AC00000805A802DE0594508D1A3F808E04FF472
:101AD000285058814FF42C50988106E0A1F5C85049
:101AE00063381ED11C815E819D811A805F8018E061
:101AF000594508D1A3F808E04FF4285058814FF415
:101B00002C50988106E0A1F5C850633804D11C819F
:101B10005D819E811F805A80614502D11A80A3F8A1
:101B20000280BDE8F04F002002F080BAA40200203D
:101B30002DE9F041374D90460C4602460F0AA88821
:101B40002946160A4989A0F51343413B0CD0A0F55C
:101B5000A643103B08D0A0F5AA43103B11D0A0F536
:101B6000C853633B27D04BE0084602F0A4FC304644
:101B700002F095FCD0B202F092FCA88902F09BFC26
:101B800038E0084602F097FC304602F088FC68898D
:101B9000401C80B202F08FFCD0B202F080FCA88919
:101BA00002F089FC384602F07AFCA889401C80B219
:101BB00002F081FC21E0A87918B92888801A401E1B
:101BC00082B2084602F077FC160A304602F067FC43
:101BD000D0B202F064FC304602F061FCD0B202F0F8
:101BE0005EFCA88902F067FC384602F058FCE0B2BF
:101BF00002F055FC384602F052FCE0B202F04FFC15
:101C00004FF0D840298920F87E1FA0F80280BDE857
:101C1000F0810000A40200202DE9F04FFF4895B0AC
:101C20000024016841F00201016000684FF00109E1
:101C300000F00200139003204FF4004ACDE9109009
:101C4000CDE90EA90EA9F648FFF790F8F548F64938
:101C50004FF02045C0E900510621C0E902141021CF
:101C6000C0E9044184610902C461C0E909418900F5
:101C7000C0E90B4189014463C0E90E410F20CDE961
:101C800007043C2009900920CDE9000408200D94A8
:101C9000029003946A4607A90694E248FFF774FC91
:101CA000322002F0A5FFD32002F005FC02F08CF9EF
:101CB000DC4A5032908002F087F9908002F084F97B
:101CC0004FF6FF7B0BEA0020908002F07DF99188AF
:101CD00045F210360843A0F51341908045F21054A8
:101CE00041F66317413949D0D42002F0E4FB02F0F9
:101CF0006BF9908002F068F9908002F065F90BEAC8
:101D00000020D846908002F05FF9918808439080C7
:101D1000B04233D04FF45A4002F0CDFB02F054F9F8
:101D200090804FF45B4002F0C6FB02F04DF908EAE8
:101D3000002090804FF45C4002F0BDFB02F044F9BB
:101D4000918808439080504501D1948016E0A042CC
:101D500014D0A12002F0AFFB02F036F9908002F01F
:101D600033F908EA0020908002F02EF991880843A8
:101D7000A0F5AE419080613900D19780924691885C
:101D8000AAA0FEF7A3FABAF8040049F24138404588
:101D90007ED1CF2002F08FFB002002F080FBC1201B
:101DA00002F07DFB302002F07AFBED2002F083FB95
:101DB000642002F074FB032002F071FB122002F099
:101DC0006EFB812002F06BFBE82002F074FB8520A3
:101DD00002F065FB102002F062FB7A2002F05FFB4C
:101DE000CB2002F068FB392002F059FB2C2002F0D6
:101DF00056FB002002F053FB342002F050FB02207F
:101E000002F04DFBF72002F056FB202002F047FBCA
:101E1000EA2002F050FB002002F041FB002002F01B
:101E20003EFBC02002F047FB1B2002F038FBC12024
:101E300002F041FB012002F032FBC52002F03BFB27
:101E4000302002F02CFB302002F029FBC72002F0EA
:101E500032FBB72002F023FB362002F02CFB482097
:101E600002F01DFB3A2002F026FB552002F017FB82
:101E7000B12002F020FB002002F011FB1A2002F03A
:101E80000EFBB62002F017FB0A2002F008FB00E070
:101E900095E0A22002F003FBF22002F00CFB0020F0
:101EA00002F0FDFA262002F006FB012002F0F7FA0C
:101EB000E02002F000FB0F2002F0F1FA2A2002F0ED
:101EC000EEFA282002F0EBFA082002F0E8FA0E20E1
:101ED00002F0E5FA082002F0E2FA542002F0DFFAFC
:101EE000A92002F0DCFA432002F0D9FA0A2002F01D
:101EF000D6FA0F2002F0D3FA002002F0D0FA002028
:101F000002F0CDFA002002F0CAFA002002F0C7FA6F
:101F1000E12002F0D0FA002002F0C1FA152002F010
:101F2000BEFA172002F0BBFA072002F0B8FA11201F
:101F300002F0B5FA062002F0B2FA2B2002F0AFFA56
:101F4000562002F0ACFA3C2002F0A9FA052002F07B
:101F5000A6FA102002F0A3FA0F2002F0A0FA3F2008
:101F600002F09DFA3F2002F09AFA0F2002F097FA51
:101F70002B2002F0A0FA002002F091FA002002F0DB
:101F80008EFA012002F08BFA3F2002F088FA2A2014
:101F900002F091FA002002F082FA002002F07FFAAB
:101FA000002002F07CFAEF2002F079FA112002F012
:101FB00082FA782002F01CFE292001F010BFB04206
:101FC0007ED1ED2002F077FA012002F068FAFE20BF
:101FD00002F065FAEE2002F06EFADE2002F05FFAFF
:101FE000212002F05CFAF12002F065FA012002F0F3
:101FF00056FADF2002F05FFA102002F050FAC420F7
:1020000002F059FA8F2002F04AFAC62002F053FA81
:10201000002002F044FAE22010E0000030380240D4
:102020000004024054020020040100A0204C43445C
:102030002049443A25780D0A0000000002F02FFAEA
:10204000E22002F02CFAE22002F029FABF2002F08E
:1020500032FAAA2002F023FAB02002F02CFA0D2066
:1020600002F01DFA002002F01AFA0D2002F017FA11
:10207000002002F014FA112002F011FA002002F000
:102080000EFA192002F00BFA002002F008FA2120C3
:1020900002F005FA002002F002FA2D2002F0FFF90A
:1020A000002002F0FCF93D2002F0F9F9002002F0D6
:1020B000F6F95D2002F0F3F9002002F0F0F900E0FB
:1020C000FDE35D2002F0EBF9002002F0E8F9B12019
:1020D00002F0F1F9802002F0E2F9002002F0DFF9CD
:1020E0008B2002F0DCF9002002F0D9F9962002F0F2
:1020F000D6F9002002F0D3F9B22002F0DCF900207A
:1021000002F0CDF9002002F0CAF9022002F0C7F96E
:10211000002002F0C4F9032002F0C1F9002002F00F
:10212000BEF9B32002F0C7F9002002F0B8F9002090
:1021300002F0B5F9002002F0B2F9002002F0AFF988
:10214000002002F0ACF9002002F0A9F9002002F012
:10215000A6F9002002F0A3F9002002F0A0F9002067
:1021600002F09DF9002002F09AF9002002F097F9A0
:10217000002002F094F9002002F091F9002002F012
:102180008EF9002002F08BF9002002F088F900207F
:1021900002F085F9002002F082F9002002F07FF9B8
:1021A000002002F07CF9002002F079F9002002F012
:1021B00076F9002002F073F9B42002F07CF98B204C
:1021C00002F06DF9002002F06AF9962002F067F93A
:1021D000002002F064F9A12002F061F9002002F071
:1021E0005EF9B52002F067F9022002F058F90020EC
:1021F00002F055F9032002F052F9002002F04FF9E5
:10220000042002F04CF9002002F049F9B62002F057
:1022100052F9002002F043F9002002F040F9B72003
:1022200002F049F9002002F03AF9002002F037F9F3
:102230003F2002F034F9002002F031F95E2002F074
:102240002EF9002002F02BF9642002F028F900207A
:1022500002F025F98C2002F022F9002002F01FF98B
:10226000AC2002F01CF9002002F019F9DC2002F089
:1022700016F9002002F013F9702002F010F9002086
:1022800002F00DF9902002F00AF9002002F007F99F
:10229000EB2002F004F9002002F001F9DC2002F04A
:1022A000FEF8002002F0FBF8B82002F004F900204C
:1022B00002F0F5F8002002F0F2F8002002F0EFF84A
:1022C000002002F0ECF8002002F0E9F8002002F013
:1022D000E6F8002002F0E3F8002002F0E0F8BA206F
:1022E00002F0E9F8242002F0DAF8002002F0D7F832
:1022F000002002F0D4F8002002F0D1F8C12002F052
:10230000DAF8202002F0CBF8002002F0C8F85420C0
:1023100002F0C5F8002002F0C2F8FF2002F0BFF87A
:10232000002002F0BCF8C22002F0C5F80A2002F03A
:10233000B6F8002002F0B3F8042002F0B0F8002054
:1023400002F0ADF8C32002F0B6F83C2002F0A7F886
:10235000002002F0A4F83A2002F0A1F8002002F0D8
:102360009EF8392002F09BF8002002F098F8372000
:1023700002F095F8002002F092F83C2002F08FF86D
:10238000002002F08CF8362002F089F8002002F0DC
:1023900086F8322002F083F8002002F080F82F2027
:1023A00002F07DF8002002F07AF82C2002F077F895
:1023B000002002F074F8292002F071F8002002F0E9
:1023C0006EF8262002F06BF8002002F068F8242056
:1023D00002F065F8002002F062F8242002F05FF8B5
:1023E000002002F05CF8232002F059F8002002F0EF
:1023F00056F83C2002F053F8002002F050F8362046
:1024000002F04DF8002002F04AF8322002F047F8BE
:10241000002002F044F82F2002F041F8002002F0E2
:102420003EF82C2002F03BF8002002F038F829207A
:1024300002F035F8002002F032F8262002F02FF8E2
:10244000002002F02CF8242002F029F8002002F0ED
:1024500026F8242002F023F8002002F020F82320A0
:1024600002F01DF8002002F01AF8C42002F023F850
:10247000622002F014F8002002F011F8052002F0AA
:102480000EF8002002F00BF8842002F008F800207B
:1024900002F005F8F02002F002F8002001F0FFFF42
:1024A000182001F0FCFF002001F0F9FFA42001F04A
:1024B000F6FF002001F0F3FF182001F0F0FF0020EC
:1024C00001F0EDFF502001F0EAFF002001F0E7FFEE
:1024D0000C2001F0E4FF002001F0E1FF172001F0E3
:1024E000DEFF002001F0DBFF952001F0D8FF002087
:1024F00001F0D5FFF32001F0D2FF002001F0CFFF63
:10250000E62001F0CCFF002001F0C9FFC52001F05A
:10251000D2FF322001F0C3FF002001F0C0FF4420B1
:1025200001F0BDFF002001F0BAFF652001F0B7FF08
:10253000002001F0B4FF762001F0B1FF002001F08F
:10254000AEFF882001F0ABFF002001F0A8FFC620FD
:1025500001F0B1FF202001F0A2FF002001F09FFF59
:10256000172001F09CFF002001F099FF012001F0ED
:1025700096FF002001F093FFC72001F09CFF002090
:1025800001F08DFF002001F08AFF002001F087FF9D
:10259000002001F084FFC82001F08DFF002001F031
:1025A0007EFF002001F07BFF002001F078FF00207B
:1025B00001F075FFC92001F07EFF002001F06FFFE0
:1025C000002001F06CFF002001F069FF002001F005
:1025D00066FF002001F063FF002001F060FF002093
:1025E00001F05DFF002001F05AFF002001F057FFCD
:1025F000002001F054FF002001F051FF002001F005
:102600004EFF002001F04BFF002001F048FF0020AA
:1026100001F045FF002001F042FFE02001F04BFFF8
:10262000162001F03CFF002001F039FF1C2001F0D2
:1026300036FF002001F033FF212001F030FF0020A1
:1026400001F02DFF362001F02AFF002001F027FFC6
:10265000462001F024FF002001F021FF522001F06C
:102660001EFF002001F01BFF642001F018FF002076
:1026700001F015FF7A2001F012FF002001F00FFF9A
:102680008B2001F00CFF002001F009FF992001F0E0
:1026900006FF002001F003FFA82001F000FF00204A
:1026A00001F0FDFEB92001F0FAFE002001F0F7FE76
:1026B000C42001F0F4FE002001F0F1FECA2001F078
:1026C000EEFE002001F0EBFED22001F0E8FE00203B
:1026D00001F0E5FED92001F0E2FE002001F0DFFE6E
:1026E000E02001F0DCFE002001F0D9FEF32001F033
:1026F000D6FE002001F0D3FEE12001F0DCFE162022
:1027000001F0CDFE002001F0CAFE1C2001F0C7FE42
:10271000002001F0C4FE222001F0C1FE002001F0E3
:10272000BEFE362001F0BBFE002001F0B8FE4520C1
:1027300001F0B5FE002001F0B2FE522001F0AFFE24
:10274000002001F0ACFE642001F0A9FE002001F0A1
:10275000A6FE7A2001F0A3FE002001F0A0FE8B204F
:1027600001F09DFE002001F09AFE992001F097FEF5
:10277000002001F094FEA82001F091FE002001F05D
:102780008EFEB92001F08BFE002001F088FEC420EF
:1027900001F085FE002001F082FECA2001F07FFEDC
:1027A000002001F07CFED22001F079FE002001F033
:1027B00076FED82001F073FE002001F070FEE020CC
:1027C00001F06DFE002001F06AFEF32001F067FECB
:1027D000002001F064FEE22001F06DFE052001F012
:1027E0005EFE002001F05BFE0B2001F058FE002091
:1027F00001F055FE1B2001F052FE002001F04FFEBB
:10280000342001F04CFE002001F049FE442001F08C
:1028100046FE002001F043FE4F2001F040FE002064
:1028200001F03DFE612001F03AFE002001F037FE8C
:10283000792001F034FE002001F031FE882001F003
:102840002EFE002001F02BFE972001F028FE002034
:1028500001F025FEA62001F022FE002001F01FFE5F
:10286000B72001F01CFE002001F019FEC22001F08B
:1028700016FE002001F013FEC72001F010FE00201C
:1028800001F00DFED12001F00AFE002001F007FE4C
:10289000D62001F004FE002001F001FEDD2001F051
:1028A000FEFD002001F0FBFDF32001F0F8FD00200B
:1028B00001F0F5FDE32001F0FEFD052000E00CE352
:1028C00001F0EDFD002001F0EAFD0A2001F0E7FD36
:1028D000002001F0E4FD1C2001F0E1FD002001F0EA
:1028E000DEFD332001F0DBFD002001F0D8FD4420A7
:1028F00001F0D5FD002001F0D2FD502001F0CFFD08
:10290000002001F0CCFD622001F0C9FD002001F0A3
:10291000C6FD782001F0C3FD002001F0C0FD882035
:1029200001F0BDFD002001F0BAFD972001F0B7FDD8
:10293000002001F0B4FDA62001F0B1FD002001F05F
:10294000AEFDB72001F0ABFD002001F0A8FDC220D4
:1029500001F0A5FD002001F0A2FDC72001F09FFDC0
:10296000002001F09CFDD12001F099FD002001F034
:1029700096FDD52001F093FD002001F090FDDD20B3
:1029800001F08DFD002001F08AFDF32001F087FDAC
:10299000002001F084FDE42001F08DFD012001F014
:1029A0007EFD002001F07BFD012001F078FD00207C
:1029B00001F075FD022001F072FD002001F06FFDB5
:1029C0002A2001F06CFD002001F069FD3C2001F09F
:1029D00066FD002001F063FD4B2001F060FD00204A
:1029E00001F05DFD5D2001F05AFD002001F057FD72
:1029F000742001F054FD002001F051FD842001F00D
:102A00004EFD002001F04BFD932001F048FD002019
:102A100001F045FDA22001F042FD002001F03FFD44
:102A2000B32001F03CFD002001F039FDBE2001F093
:102A300036FD002001F033FDC42001F030FD002000
:102A400001F02DFDCD2001F02AFD002001F027FD31
:102A5000D32001F024FD002001F021FDDD2001F054
:102A60001EFD002001F01BFDF32001F018FD0020E9
:102A700001F015FDE52001F01EFD002001F00FFD25
:102A8000002001F00CFD002001F009FD002001F004
:102A900006FD022001F003FD002001F000FD2920C9
:102AA00001F0FDFC002001F0FAFC3C2001F0F7FCF5
:102AB000002001F0F4FC4B2001F0F1FC002001F0BB
:102AC000EEFC5D2001F0EBFC002001F0E8FC74203E
:102AD00001F0E5FC002001F0E2FC842001F0DFFCC5
:102AE000002001F0DCFC932001F0D9FC002001F073
:102AF000D6FCA22001F0D3FC002001F0D0FCB320D2
:102B000001F0CDFC002001F0CAFCBE2001F0C7FCA2
:102B1000002001F0C4FCC42001F0C1FC002001F041
:102B2000BEFCCD2001F0BBFC002001F0B8FCD3209E
:102B300001F0B5FC002001F0B2FCDC2001F0AFFC9C
:102B4000002001F0ACFCF32001F0A9FC002001F012
:102B5000A6FCE62001F0AFFC112001F0A0FC002053
:102B600001F09DFC342001F09AFC002001F097FC5C
:102B7000562001F094FC002001F091FC762001F039
:102B80008EFC002001F08BFC772001F088FC0020F7
:102B900001F085FC662001F082FC002001F07FFC42
:102BA000882001F07CFC002001F079FC992001F0E4
:102BB00076FC002001F073FCBB2001F070FC0020CB
:102BC00001F06DFC992001F06AFC002001F067FC27
:102BD000662001F064FC002001F061FC552001F04A
:102BE0005EFC002001F05BFC552001F058FC002049
:102BF00001F055FC452001F052FC002001F04FFC93
:102C0000432001F04CFC002001F049FC442001F07D
:102C100046FC002001F043FCE72001F04CFC322090
:102C200001F03DFC002001F03AFC552001F037FC9A
:102C3000002001F034FC762001F031FC002001F08E
:102C40002EFC662001F02BFC002001F028FC672000
:102C500001F025FC002001F022FC672001F01FFCA0
:102C6000002001F01CFC872001F019FC002001F07D
:102C700016FC992001F013FC002001F010FCBB2091
:102C800001F00DFC002001F00AFC992001F007FC86
:102C9000002001F004FC772001F001FC002001F08D
:102CA000FEFB442001F0FBFB002001F0F8FB562066
:102CB00001F0F5FB002001F0F2FB232001F0EFFB17
:102CC000002001F0ECFB332001F0E9FB002001F0D3
:102CD000E6FB452001F0E3FB002001F0E0FBE820EB
:102CE00001F0E9FB002001F0DAFB002001F0D7FB46
:102CF000992001F0D4FB002001F0D1FB872001F0E6
:102D0000CEFB002001F0CBFB882001F0C8FB0020A7
:102D100001F0C5FB772001F0C2FB002001F0BFFBF2
:102D2000662001F0BCFB002001F0B9FB882001F017
:102D3000B6FB002001F0B3FBAA2001F0B0FB00209D
:102D400001F0ADFBBB2001F0AAFB002001F0A7FBC6
:102D5000992001F0A4FB002001F0A1FB662001F006
:102D60009EFB002001F09BFB552001F098FB00200A
:102D700001F095FB552001F092FB002001F08FFB44
:102D8000442001F08CFB002001F089FB442001F07D
:102D900086FB002001F083FB552001F080FB002022
:102DA00001F07DFBE92001F086FBAA2001F077FB12
:102DB000002001F074FB002001F071FB002001F005
:102DC0006EFB002001F077FBAA2001F068FBCF200A
:102DD00001F071FB002001F062FB002001F05FFBBD
:102DE000002001F05CFB002001F059FB002001F005
:102DF00056FB002001F053FB002001F050FB0020A7
:102E000001F04DFB002001F04AFB002001F047FBE0
:102E1000002001F044FB002001F041FB002001F004
:102E20003EFB002001F03BFB002001F038FB0020BE
:102E300001F035FB002001F032FBF02001F03BFBFC
:102E4000002001F02CFB502001F029FB002001F0B4
:102E500026FB002001F023FB002001F020FBF320E3
:102E600001F029FB002001F01AFBF92001F023FBFF
:102E7000062001F014FB102001F011FB292001F0C5
:102E80000EFB002001F00BFB3A2001F014FB552053
:102E900001F005FB112001F00EFB642001F0A8FEFB
:102EA000292001F008FB352001F005FB002001F08E
:102EB000F6FA512001F0FFFAFF2001F0F0FA53205A
:102EC00001F0F9FA2C2001F0EAFA552001F0F3FAAA
:102ED000822001F0E4FA2C20FDE3A0427ED14FF4E1
:102EE00070435521184601F0FDFAAA214FF2010066
:102EF00001F0F8FA52214FF2020001F0F3FA082132
:102F00004FF2030001F0EEFA01214FF2040001F04C
:102F1000E9FA0D214FF4304001F0E4FA0D214BF2B3
:102F2000010001F0DFFA0D214BF2020001F0DAFAA4
:102F300034214FF4364001F0D5FA34214BF20160D0
:102F400001F0D0FA34214BF2026001F0CBFA0D21EE
:102F50004FF4314001F0C6FA0D214BF2011001F09F
:102F6000C1FA0D214BF2021001F0BCFA34214FF4EA
:102F7000374001F0B7FA34214BF2017001F0B2FA98
:102F800034214BF2027001F0ADFA00214FF43240CF
:102F900001F0A8FA00214BF2012001F0A3FA002170
:102FA0004BF2022001F09EFA24214FF4384001F048
:102FB00099FA24214BF6010001F094FA24214BF6F2
:102FC000020001F08FFA01214FF43F4001F08AFA2C
:102FD0000F214FF4334001F085FA00E0FEE30F21AA
:102FE0004BF2013001F07EFA0F214BF2023001F07A
:102FF00079FA34214FF4394001F074FA34214BF658
:10300000011001F06FFA34214BF6021001F06AFA58
:1030100008214FF4354001F065FA08214BF20150C8
:1030200001F060FA08214BF2025001F05BFA032133
:103030004FF4424001F056FA24214FF43A4001F097
:1030400051FA24214BF6012001F04CFA24214BF6D1
:10305000022001F047FA00214FF43C4001F042FA0F
:1030600078214BF6014001F03DFA00214BF6024079
:1030700001F038FA00214FF43D4001F033FA782195
:103080004BF6015001F02EFA00214BF6025001F0F0
:1030900029FA00214FF43E4001F024FA64214BF656
:1030A000016001F01FFA00214FF4514001F01AFABB
:1030B00033214DF2011001F015FA00214DF20210FA
:1030C00001F010FA34214DF2031001F00BFA002147
:1030D0004DF2041001F006FA3A214DF2051001F00C
:1030E00001FA00214DF2061001F0FCF94A214DF2DF
:1030F000071001F0F7F900214DF2081001F0F2F984
:103100005C214DF2091001F0EDF900214DF20A1099
:1031100001F0E8F981214DF20B1001F0E3F90021F3
:103120004DF20C1001F0DEF9A6214DF20D1001F068
:10313000D9F900214DF20E1001F0D4F9E5214DF23C
:103140000F1001F0CFF901214DF2101001F0CAF972
:1031500013214DF2111001F0C5F901214DF21210A9
:1031600001F0C0F954214DF2131001F0BBF9012117
:103170004DF2141001F0B6F982214DF2151001F054
:10318000B1F901214DF2161001F0ACF9CA214DF24E
:10319000171001F0A7F902214DF2181001F0A2F961
:1031A00000214DF2191001F09DF902214DF21A1083
:1031B00001F098F901214DF21B1001F093F9022161
:1031C0004DF21C1001F08EF934214DF21D1001F06A
:1031D00089F902214DF21E1001F084F967214DF2A8
:1031E0001F1001F07FF902214DF2201001F07AF951
:1031F00084214DF2211001F075F902214DF22210C7
:1032000001F070F9A4214DF2231001F06BF90221B5
:103210004DF2241001F066F9B7214DF2251001F0AE
:1032200061F902214DF2261001F05CF9CF214DF237
:10323000271001F057F902214DF2281001F052F940
:10324000DE214DF2291001F04DF902214DF22A1034
:1032500001F048F9F2214DF22B1001F043F902215F
:103260004DF22C1001F03EF9FE214DF22D1001F02F
:1032700039F903214DF22E1001F034F910214DF2ED
:103280002F1001F02FF903214DF2301001F02AF92F
:1032900033214DF2311001F025F903214DF23210A6
:1032A00001F020F96D214DF2331001F01BF90021DE
:1032B0004FF4524001F016F933214DF2012001F094
:1032C00011F900214DF2022001F00CF934214DF2E8
:1032D000032001F007F900214DF2042001F002F96A
:1032E0003A214DF2052001F0FDF800214DF20620B3
:1032F00001F0F8F84A214DF2072001F0F3F800211F
:103300004DF2082001F0EEF85C214DF2092001F0A9
:10331000E9F800214DF20A2001F0E4F881214DF294
:103320000B2001F0DFF800214DF20C2001F0DAF85B
:10333000A6214DF20D2001F0D5F800214DF20E200E
:1033400001F0D0F8E5214DF20F2001F0CBF801217A
:103350004DF2102001F0C6F813214DF2112001F0BA
:10336000C1F801214DF2122001F0BCF854214DF2B8
:10337000132001F0B7F801214DF2142001F0B2F84A
:1033800082214DF2152001F0ADF801214DF21620F9
:1033900001F0A8F8CA214DF2172001F0A3F802218C
:1033A0004DF2182001F09EF800214DF2192001F095
:1033B00099F802214DF21A2001F094F801214DF202
:1033C0001B2001F08FF802214DF21C2001F08AF839
:1033D00034214DF21D2001F085F802214DF21E200E
:1033E00001F080F867214DF21F2001F07BF80221E7
:1033F0004DF2202001F076F884214DF2212001F0D9
:1034000071F802214DF2222001F06CF8A4214DF256
:10341000232001F067F802214DF2242001F062F828
:10342000B7214DF2252001F05DF802214DF2262052
:1034300001F058F8CF214DF2272001F053F8022176
:103440004DF2282001F04EF8DE214DF2292001F046
:1034500049F802214DF22A2001F044F8F2214DF200
:103460002B2001F03FF802214DF22C2001F03AF818
:10347000FE214DF22D2001F035F803214DF22E20D2
:1034800001F030F810214DF22F2001F02BF803212C
:103490004DF2302001F026F833214DF2312001F0B9
:1034A00021F803214DF2322001F01CF86D214DF27C
:1034B000332001F017F800214FF4534001F012F8C7
:1034C00033214DF2013001F00DF800214DF20230B0
:1034D00001F008F834214DF2033001F003F8002127
:1034E0004DF2043000F0FEFF3A214DF2053000F0BD
:1034F000F9FF00214DF2063000F0F4FF4A214DF2B1
:10350000073000F0EFFF00214DF2083000F0EAFF35
:103510005C214DF2093000F0E5FF00214DF20A3048
:1035200000F0E0FF81214DF20B3000F0DBFF0021C5
:103530004DF20C3000F0D6FFA6214DF20D3000F018
:10354000D1FF00214DF20E3000F0CCFFE5214DF20D
:103550000F3000F0C7FF01214DF2103000F0C2FF24
:1035600013214DF2113000F0BDFF01214DF2123058
:1035700000F0B8FF54214DF2133000F0B3FF0121E9
:103580004DF2143000F0AEFF82214DF2153000F004
:10359000A9FF01214DF2163000F0A4FFCA214DF21F
:1035A000173000F09FFF02214DF2183000F09AFF13
:1035B00000214DF2193000F095FF02214DF21A3032
:1035C00000F090FF01214DF21B3000F08BFF022133
:1035D0004DF21C3000F086FF34214DF21D3000F01A
:1035E00081FF02214DF21E3000F07CFF67214DF279
:1035F0001F3000F077FF02214DF2203000F072FF03
:1036000084214DF2213000F06DFF02214DF2223075
:1036100000F068FFA4214DF2233000F063FF022187
:103620004DF2243000F05EFFB7214DF2253000F05E
:1036300059FF02214DF2263000F054FFCF214DF208
:10364000273000F04FFF02214DF2283000F04AFFF2
:10365000DE214DF2293000F045FF02214DF22A30E3
:1036600000F040FFF2214DF22B3000F03BFF022131
:103670004DF22C3000F036FFFE214DF22D3000F0DF
:1036800031FF03214DF22E3000F02CFF10214DF2BE
:103690002F3000F027FF03214DF2303000F022FFE1
:1036A00033214DF2313000F01DFF03214DF2323055
:1036B00000F018FF6D214DF2333000F013FF0021B0
:1036C0004FF4544000F00EFF33214DF2014000F062
:1036D00009FF002100E082E34DF2024000F002FF0A
:1036E00034214DF2034000F0FDFE00214DF2044074
:1036F00000F0F8FE3A214DF2054000F0F3FE002103
:103700004DF2064000F0EEFE4A214DF2074000F077
:10371000E9FE00214DF2084000F0E4FE5C214DF28C
:10372000094000F0DFFE00214DF20A4000F0DAFE11
:1037300081214DF20B4000F0D5FE00214DF20C40EE
:1037400000F0D0FEA6214DF20D4000F0CBFE00218E
:103750004DF20E4000F0C6FEE5214DF20F4000F0A4
:10376000C1FE01214DF2104000F0BCFE13214DF2CC
:10377000114000F0B7FE01214DF2124000F0B2FE00
:1037800054214DF2134000F0ADFE01214DF21440E2
:1037900000F0A8FE82214DF2154000F0A3FE0121A9
:1037A0004DF2164000F09EFECA214DF2174000F087
:1037B00099FE02214DF2184000F094FE00214DF2D6
:1037C000194000F08FFE02214DF21A4000F08AFEEF
:1037D00001214DF21B4000F085FE00E002E30221D2
:1037E0004DF21C4000F07EFE34214DF21D4000F0F1
:1037F00079FE02214DF21E4000F074FE67214DF269
:103800001F4000F06FFE02214DF2204000F06AFEE2
:1038100084214DF2214000F065FE02214DF222404C
:1038200000F060FEA4214DF2234000F05BFE022177
:103830004DF2244000F056FEB7214DF2254000F035
:1038400051FE02214DF2264000F04CFECF214DF2F8
:10385000274000F047FE02214DF2284000F042FED2
:10386000DE214DF2294000F03DFE02214DF22A40BA
:1038700000F038FEF2214DF22B4000F033FE022121
:103880004DF22C4000F02EFEFE214DF22D4000F0B6
:1038900029FE03214DF22E4000F024FE10214DF2AE
:1038A0002F4000F01FFE03214DF2304000F01AFEC1
:1038B00033214DF2314000F015FE03214DF232402C
:1038C00000F010FE6D214DF2334000F00BFE0021A0
:1038D0004FF4554000F006FE33214DF2015000F048
:1038E00001FE00214DF2025000F0FCFD34214DF2AA
:1038F000035000F0F7FD00214DF2045000F0F2FDFE
:103900003A214DF2055000F0EDFD00214DF2065038
:1039100000F0E8FD4A214DF2075000F0E3FD0021E0
:103920004DF2085000F0DEFD5C214DF2095000F030
:10393000D9FD00214DF20A5000F0D4FD81214DF255
:103940000B5000F0CFFD00214DF20C5000F0CAFDED
:10395000A6214DF20D5000F0C5FD00214DF20E5094
:1039600000F0C0FDE5214DF20F5000F0BBFD01213C
:103970004DF2105000F0B6FD13214DF2115000F041
:10398000B1FD01214DF2125000F0ACFD54214DF279
:10399000135000F0A7FD01214DF2145000F0A2FDDC
:1039A00082214DF2155000F09DFD01214DF216507F
:1039B00000F098FDCA214DF2175000F093FD02214E
:1039C0004DF2185000F08EFD00214DF2195000F01C
:1039D00089FD02214DF21A5000F084FD01214DF2C3
:1039E0001B5000F07FFD02214DF21C5000F07AFDCB
:1039F00034214DF21D5000F075FD02214DF21E5094
:103A000000F070FD67214DF21F5000F06BFD0221A8
:103A10004DF2205000F066FD84214DF2215000F05F
:103A200061FD02214DF2225000F05CFDA4214DF217
:103A3000235000F057FD02214DF2245000F052FDBA
:103A4000B7214DF2255000F04DFD02214DF22650D8
:103A500000F048FDCF214DF2275000F043FD022138
:103A60004DF2285000F03EFDDE214DF2295000F0CD
:103A700039FD02214DF22A5000F034FDF2214DF2C1
:103A80002B5000F02FFD02214DF22C5000F02AFDAA
:103A9000FE214DF22D5000F025FD03214DF22E5058
:103AA00000F020FD10214DF22F5000F01BFD0321EE
:103AB0004DF2305000F016FD33214DF2315000F040
:103AC00011FD03214DF2325000F00CFD6D214DF23D
:103AD000335000F007FD00214FF4564000F002FD86
:103AE00033214DF2016000F0FDFC00214DF2026037
:103AF00000F0F8FC34214DF2036000F0F3FC0021EB
:103B00004DF2046000F0EEFC3A214DF2056000F049
:103B1000E9FC00214DF2066000F0E4FC4A214DF280
:103B2000076000F0DFFC00214DF2086000F0DAFCD5
:103B30005C214DF2096000F0D5FC00214DF20A60D5
:103B400000F0D0FC81214DF20B6000F0CBFC002195
:103B50004DF20C6000F0C6FCA6214DF20D6000F0A5
:103B6000C1FC00214DF20E6000F0BCFCE5214DF2DD
:103B70000F6000F0B7FC01214DF2106000F0B2FCC4
:103B800013214DF2116000F0ADFC01214DF21260E5
:103B900000F0A8FC54214DF2136000F0A3FC0121B9
:103BA0004DF2146000F09EFC82214DF2156000F091
:103BB00099FC01214DF2166000F094FCCA214DF2EF
:103BC000176000F08FFC02214DF2186000F08AFCB3
:103BD00000214DF2196000F085FC02214DF21A60BF
:103BE00000F080FC01214DF21B6000F07BFC022103
:103BF0004DF21C6000F076FC34214DF21D6000F0A7
:103C000071FC02214DF21E6000F06CFC67214DF248
:103C10001F6000F067FC02214DF2206000F062FCA2
:103C200084214DF2216000F05DFC02214DF2226002
:103C300000F058FCA4214DF2236000F053FC022157
:103C40004DF2246000F04EFCB7214DF2256000F0EB
:103C500049FC02214DF2266000F044FCCF214DF2D8
:103C6000276000F03FFC02214DF2286000F03AFC92
:103C7000DE214DF2296000F035FC02214DF22A6070
:103C800000F030FCF2214DF22B6000F02BFC022101
:103C90004DF22C6000F026FCFE214DF22D6000F06C
:103CA00021FC03214DF22E6000F01CFC10214DF28E
:103CB0002F6000F017FC03214DF2306000F012FC81
:103CC00033214DF2316000F00DFC03214DF23260E2
:103CD00000F008FC6D214DF2336000F003FC55212B
:103CE000184600F0FFFBAA214FF2010000F0FAFB9A
:103CF00052214FF2020000F0F5FB08214FF20300C1
:103D000000F0F0FB00214FF2040000F0EBFBCC21AF
:103D10004FF4314000F0E6FB00214BF2011000F0BF
:103D2000E1FB05214FF4364000F0DCFB70214FF43D
:103D3000374000F0D7FB70214BF2017000F0D2FB4E
:103D400001214FF4384000F0CDFB03214BF6010078
:103D500000F0C8FB03214BF6020000F0C3FB032177
:103D60004BF6030000F0BEFB02214FF43C4000F094
:103D7000B9FB00214BF6014000F0B4FB00214BF6EB
:103D8000024000F0AFFBD0214FF4494000F0AAFB05
:103D900002214CF6011000F0A5FB50214CF6021058
:103DA00000F0A0FB50214CF6031000F09BFB5021CB
:103DB0004CF6041000F096FB00214FF4545000F034
:103DC00091FB55214FF4685000F08CFB4FF4885064
:103DD00000F071FB782000F019FF4FF4245000F040
:103DE0006AFBB9E0B842FCD1E22000F064FB1D2080
:103DF00000F055FB022000F052FB042000F04FFBC6
:103E0000642000F003FFE02000F055FB012000F0EB
:103E100046FB0A2000F0ECFEE02000F04CFB032003
:103E200000F03DFB0C2000F0E3FE012000F043FB1E
:103E30000A2000F0DDFEE62000F03DFB2F2000F020
:103E40002EFBFF2000F02BFBFF2000F028FBB02012
:103E500000F031FB202000F022FB002000F01FFBCF
:103E6000032000F01CFB40F21F3000F018FB012083
:103E700000F015FB40F2DF1000F011FB002000F015
:103E80000EFBB42000F017FB042000F008FB40F20A
:103E90001F4000F004FB002000F001FB2E2000F08A
:103EA000FEFA002000F0FBFA002000F0F8FA0020F3
:103EB00000F0F5FA002000F0F2FAB62000F0FBFA6C
:103EC000022000F0ECFA4FF4037000F0E8FA002052
:103ED00000F0E5FA172000F0E2FA152000F0DFFA12
:103EE000002000F0DCFA002000F0D9FAF02000F009
:103EF000E2FA032000F0D3FA292000F0DCFAD02007
:103F000000F0D9FA002000F0CAFABE2000F0D3FA7F
:103F1000052000F0C4FAFE2000F0C1FA012000F0F4
:103F2000BEFA002000F0BBFA002000F0B8FA002032
:103F300000F0B5FAB82000F0BEFA032000F0AFFAA6
:103F4000012000F0ACFABA2000F0B5FA012000F030
:103F5000A6FA642000F042F8BAF80400404505D003
:103F6000B04203D0A04201D0B84217D1D5F81C010D
:103F700020F00F00C5F81C01D5F81C0120F470607A
:103F8000C5F81C01D5F81C0140F00300C5F81C0160
:103F9000D5F81C0140F40070C5F81C010020FDF7A5
:103FA0005BFD0449C1F8BC925846FDF73BFD15B0D6
:103FB000BDE8F08F008040420346012000E05843F6
:103FC000491EC9B2FBD2704708B54FF0D840B0F8CF
:103FD0008000ADF80000BDF8000008BD10B5024635
:103FE000BE2000F068FA052000F059FA104601F0F2
:103FF00012FF9FED0C1B53EC112B01F01FFF01F082
:10400000DDFE80B200F04BFA012000F048FAFF20FC
:1040100000F045FA002000F042FABDE81040002010
:1040200000F03DBA6666666666660440F0B56C4DA3
:1040300000232946AA79898841F66314012A01D010
:104040001AB11BE0A14202D118E0A14216D1082802
:1040500014D2DFE800F00406080A0C0E1012062045
:104060000CE007200AE0042008E0052006E001201B
:1040700004E0002002E0032000E00220A1F5134745
:1040800045F2103245F21056413F05D0914203D01F
:10409000B14201D0A14277D1082812D2DFE800F066
:1040A000110406080A0C0E1080230AE0402308E0E1
:1040B000C02306E0202304E0602302E0A02300E008
:1040C000E023B14202D14FF4585000E03620914233
:1040D00005D0B14203D0A14201D043F008031946F4
:1040E00000F000FAAA88A2420AD0980628886988B7
:1040F00002D5884202D303E0884201D92980688032
:104100006889B24241D100F0D6F9002000F0C7F929
:104110006889401C80B200F0CEF9002000F0BFF9A1
:104120006889801C80B200F0C6F92888401EC0F360
:104130000F2000F0B4F96889C01C80B200F0BBF910
:104140002878401EC0B200F0AAF9A88900F0B3F99F
:10415000002000F0A4F9A889401C80B200F0ABF95F
:10416000002000F09CF9A889801C80B200F0A3F91F
:104170006888401EC0F30F2000F091F9A889C01C88
:1041800080B200F098F922E028E000F094F90020D5
:1041900000F085F9002000F082F92888401EC0F365
:1041A0000F2000F07CF92878401EC0B200F077F9AB
:1041B000A88900F080F9002000F071F9002000F0DB
:1041C0006EF96888401EC0F30F2000F068F9A878E7
:1041D000BDE8F040401EC0B200F061B9F0BD000083
:1041E000A4020020F0B53F4D0C460246060AA988FD
:1041F0002846270A4089A1F51343413B28D0A1F561
:10420000A643103B24D0A1F5C853633B2FD0A1F5A2
:10421000AA43103B64D100F04EF9304600F03FF95C
:104220006889401C80B200F046F9D0B200F037F93E
:10423000A88900F040F9384600F031F9A889401CFF
:1042400080B200F038F9E0B2BDE8F04000F027B9E4
:1042500000F031F9304600F022F9D0B200F01FF939
:10426000A88900F028F9384600F019F9EBE7A97998
:1042700029B300F020F9304600F011F9D0B200F077
:104280000EF92888401EC0F30F2000F008F92878A6
:10429000401EC0B200F003F9A88900F00CF93846BE
:1042A00000F0FDF8E0B200F0FAF86888401EC0F3B4
:1042B0000F2000F0F4F8A878401EC0B2C4E72988A7
:1042C000891A491E8AB200F0F6F8002000F0E7F8DB
:1042D000002000F0E4F8100A00F0E1F8D0B2D9E7CD
:1042E000F0BD0000A40200202DE9F84F82461F46D1
:1042F0000E468B46580700D0012000EBD700790806
:1043000010FB01F0203AC0B202F0FF090025009036
:1043100047E00C2F10D0102F12D0182F14D0202FC0
:1043200042D1224901EBC9104FF00008445D20063C
:1043300010D51F48026811E009EB49001D4906E04D
:104340001D4901EB0910EFE71C4909EBC90001EB1E
:104350008000E9E70A9828B9154842683146504676
:10436000FDF7E6FB6006040E1548761CB6B24088E1
:10437000B04219D9A6EB0B00B84209D10AF10100ED
:104380001FFA80FA0E485E46018851450CD906E0B6
:1043900008F1010000F0FF08B8F1080FC7D36D1C49
:1043A000EDB200988542B4D3BDE8F88F24780008B8
:1043B0001400002064600008D8640008C86A00087F
:1043C000A40200202DE9F84F044600F0FF08101960
:1043D0000D46DDE90A761FFA80FA58191FFA80F9AE
:1043E0004FF0000B11E0544502D3E819444685B262
:1043F0004D450FD23B4629462046CDF800B0FFF789
:1044000073FF04EB570084B2761C3278A2F12000CF
:104410005E28E8D9BDE8F88F2DE9FF4F81B08046CE
:10442000DDF83CA00E984FF000091F4693464C461D
:104430000AF0010546082BE0381B401EC1B20A20D5
:10444000FFF7BAFDBBFBF0F00A21B0FBF1F201FB74
:104450001200B9F1000F05D1791E8C4202DA48B181
:104460004FF001093030C2B206FB048080B20095E3
:104470000E9B08E05FEA0A6006FB04800E9B80B298
:1044800000950AD530220299FFF72EFF641CE4B292
:10449000BC42D1D305B0BDE8F08F2022F3E701B5CF
:1044A000BDF80000ADF80000BDF800004FF0D841A5
:1044B000A1F8800008BD01B5BDF80000ADF800000E
:1044C000BDF800004FF0D841A1F87E0008BD000003
:1044D00003484FF0D8410089A1F87E0070470000E2
:1044E000A40200204FF0D84222F87E0F518070477E
:1044F000114810B5016886B041F0200101600068E4
:104500000E4C00F0200005904FF4C0600090012098
:10451000019002900320039069462046FCF726FC98
:10452000012251022046FCF701FD012291022046A2
:10453000FCF7FCFC06B010BD30380240001402400D
:104540000B480A4901604FF48031416000218160CD
:10455000C160016101224161C0E90612054A0162A0
:10456000C0E90912C1620163FCF7EDBA0020014005
:10457000B40200200100000FFEE770470907090E92
:10458000002806DA00F00F0000F1E02080F8141D8A
:10459000704700F1E02080F80014704770477047C2
:1045A00070B5214C92B00025266846F080562660F2
:1045B000246804F0805411941C4C266846F480460C
:1045C000266024680DF1240C04F480441194012425
:1045D000009424040194022406948CE80D006605DE
:1045E000CDE907616846FCF745FE00B1FEE70CA97E
:1045F0000F2081E831004FF4A0500F904FF480500D
:10460000109005210CA8FCF713FD00B1FEE7FCF7A4
:1046100093FC41F20101884204D10548016841F44C
:104620008071016012B070BD4038024000700040DF
:10463000003C0240FCF78CBC1048016841F470015A
:1046400001600F48016841F0010101600C4A00213E
:104650000832116002680B4B1A400260031D0A4ABF
:104660001A60026822F48022026005480C30016062
:1046700002495806803908607047000088ED00E064
:1046800000380240FFFFF6FE1030002410B50A4C3F
:104690002068C068C043C00709D108480069804746
:1046A00021680020486221686420C862E0602168B7
:1046B0006FF00100086110BDFC02002058000020CE
:1046C000F0B50268234D244E244FDFF894C0254BEB
:1046D0004FF0804EA84209D0704507D0B04205D0B7
:1046E000B84203D0604501D0984203D122F0700453
:1046F0004A682243A8421BD0704519D0B04217D057
:10470000B84215D0604513D0984211D0164CA04243
:104710000ED0164CA0420BD0154CA04208D0154C20
:10472000A04205D0144CA04202D0144CA04203D1A8
:1047300022F44074CA68224302608A68C2620A682E
:104740008262A84201D0984201D109690163012126
:104750004161F0BD0000014000040040000800403D
:10476000000C0040000401400040014000440140B2
:104770000048014000180040001C0040002000409C
:10478000F8B5064610480D460024016841F00401C2
:1047900001600068032200F00400009011461E2012
:1047A000FCF714FC1E20FCF706FC094A07481060C1
:1047B000C2E90154C2E903641046FCF78DFFBDE86D
:1047C000F8400348FCF7A4BF40380240000800400E
:1047D000FC02002010B5806B0021C185C184FCF76C
:1047E000A3FF10BD0168CA6822F49072CA60016814
:1047F0004A6922F001024A61202180F83A1070478C
:1048000010B590F83A10222901D0022010BD81681D
:10481000B1F5805F11D00169002901681FD0496896
:1048200001F07F03816A4A1C82620B70C18D491EB0
:104830000904090CC18518D026E00269816A002AA2
:104840000268526805D0D2B20A80816A491C81622E
:10485000ECE7C2F308020A80816A891CF7E74A681C
:10486000816A4B1C83620A70E0E70168CA6822F41F
:104870009072CA6001684A6922F001024A612021EF
:1048800080F83A10FDF772F8002010BD2DE9F041D4
:1048900004460068016921F44052E1681143016156
:1048A0002068C16849F20C6291432369A268E569F6
:1048B0001A4363692B431A430A43C2602068416963
:1048C000A26921F440710A434261E0696425B0F5B0
:1048D000004F974A974920684FF032083FD08842EE
:1048E00001D090427CD1FCF775FC00EBC00101EBDC
:1048F000001061688900B0FBF1F6FCF76BFC00EB7F
:10490000C00101EB001061688900B0FBF1F0B0FB61
:10491000F5F06FF01801484306EB800108EB011039
:10492000B0FBF5F000F0F006FCF754FC00EBC00122
:1049300001EB001061688900B0FBF1F0B0FBF5F00D
:1049400006EB0016FCF746FC00EBC00101EB001083
:1049500061688900B0FBF1F7FCF73CFCD2E08842CB
:1049600001D090423DD1FCF735FC00EBC00101EBDA
:10497000001061684900B0FBF1F0B0FBF5F00601F2
:10498000FCF728FC00EBC00101EB00106168490056
:10499000B0FBF1F7FCF71EFC00EBC00101EB0010CF
:1049A00061684900B0FBF1F0B0FBF5F06FF0180161
:1049B000484307EB800108EBC100B0FBF5F000F0C5
:1049C000F80006EB4006FCF705FC00EBC00101EB2C
:1049D000001061684900B0FBF1F7FCF7FBFB3CE01D
:1049E00055E0FCF7DFFB00EBC00101EB0010616854
:1049F0004900B0FBF1F0B0FBF5F00601FCF7D2FB8B
:104A000000EBC00101EB001061684900B0FBF1F759
:104A1000FCF7C8FB00EBC00101EB00106168490026
:104A2000B0FBF1F0B0FBF5F06FF01801484307EB75
:104A3000800108EBC100B0FBF5F000F0F80006EBD8
:104A40004006FCF7AFFB00EBC00101EB0010616812
:104A50004900B0FBF1F7FCF7A5FB00EBC00101EB4F
:104A6000001061684900B0FBF1F0B0FBF5F06FF0A9
:104A70001801484307EB800108EBC100B0FBF5F0DB
:104A800000F00700216830448860BDE8F081FCF741
:104A900089FB00EBC00101EB001061688900B0FBED
:104AA000F1F6FCF77FFB00EBC00101EB0010616841
:104AB0008900B0FBF1F0B0FBF5F06FF0180148434E
:104AC00006EB800108EB0110B0FBF5F000F0F006FA
:104AD000FCF768FB00EBC00101EB00106168890086
:104AE000B0FBF1F0B0FBF5F006EB0016FCF75AFB5B
:104AF00000EBC00101EB001061688900B0FBF1F729
:104B0000FCF750FB00EBC00101EB0010616889006D
:104B1000B0FBF1F0B0FBF5F06FF01801484307EB84
:104B2000800108EB0110B0FBF5F000F00F00A9E7E1
:104B3000001401400010014090F83910212901D0E3
:104B4000022070478168B1F5805F016A0BD04A1C72
:104B50000262026809785160C18C491E0904090C7F
:104B6000C1840ED017E009880268C1F308015160C2
:104B700001690029016A02D0491C0162ECE7891C25
:104B8000FBE70168CA6822F08002CA600068C16859
:104B900041F04001C16000207047000010B5084896
:104BA000FCF7C8FD0648FCF7C0FD2028FAD1012219
:104BB00004490348FCF7B6FE0028F8D110BD0000F8
:104BC000140200200C000020FEE730380A2801D231
:104BD00001207047002070477047000010B5044660
:104BE0000420FCF759FD0148046010BD08000020B6
:104BF00070B5054600244FF47A7603E0304600F0A5
:104C000005F8641CAC42F9D370BD000070B54FF0DC
:104C1000E02500216C69094AAB6912685043AA6912
:104C20009A42FCD002D2A3EB020302E0A4EB0206FC
:104C30003344194413468142F1D370BD080000206B
:104C400003490A685206FCD5C2B24A6070470000A8
:104C5000001001402DED048B82B0FCF781F9072391
:104C6000022208214FF4A870FFF79AFCA820FFF752
:104C7000B5FF4FF4E13000F0D3F84A4841685420C2
:104C80008847FFF735FCFCF79FFEFCF7C5FFFFF7F1
:104C900057FC454D4FF478401024286043A0CDE9DF
:104CA00000402346C82232211E20FFF78BFB44A080
:104CB000CDE900401023C82246211E20FFF782FBC9
:104CC00042A0CDE900401023C8225A211E20FFF740
:104CD00079FB42A0CDE900401023C8226E211E209E
:104CE000FFF770FB1F2028603FA0CDE90040102394
:104CF000C82282211E20FFF765FB3FA0CDE90040BE
:104D00001023C82296211E20FFF75CFB9FED3F8BEE
:104D100000269FED409A404F4FF080081421052057
:104D2000FBF750FECDE900460546024604238221EA
:104D30008620FFF771FB284601F06DF853EC182B25
:104D400001F07CF801F008F809EE900ACDE9004680
:104D5000BCEEE90A0123962110EE100A85B22A461C
:104D60008620FFF759FB00EE105ACDE90048B8EE57
:104D7000400A96210323084639EEC00A20EE090AAC
:104D8000BCEEC00A10EE102AFFF746FBD7F8A402CB
:104D900030B10020C7F8A402FA20FFF729FFBDE7D1
:104DA0000120F7E758000020140000204578706CBF
:104DB0006F7265722053544D333246340000000048
:104DC00041444320544553540000000041544F4D8A
:104DD00040414C49454E54454B000000323031377C
:104DE0002F342F3131000000414443315F434835B7
:104DF0005F56414C3A000000414443315F4348351F
:104E00005F564F4C3A302E3030305600666666663C
:104E100066664A3F00007A4400804242006870475C
:104E20000B4910B5094AC1E9002000208860C8601C
:104E3000086188610C2048610846FCF703FDBDE865
:104E40001040012203490248FCF76CBD00100140EC
:104E5000140200200C00002070B594B0064613AB7D
:104E600011AA694600F0DCF9002824D18DF8400031
:104E70001D4C042514E0206805EBC10113AB40581C
:104E800012AA08A900F0CCF9002814D1694608A894
:104E900000F001FC88B19DF84000401C8DF84000F6
:104EA000207D9DF840108842E5D8207D9DF8401077
:104EB00088420ED1042014B070BD9DF848009DF8C2
:104EC0004410884201D90220F5E79DF84000A07502
:104ED000EBE710A9304600F057FA0028EBD19DF817
:104EE000400060750020E6E7580000202DE9F04101
:104EF0007E4E9AB0B57D307DA8427CD904213068C1
:104F000001EBC50119AB405818AA10A900F088F9A7
:104F100010A977A0FBF7DAF900240DF1180832E0A8
:104F2000308B0121A140084217D0222172A0FBF74B
:104F3000CDF9204600F090FA811970A02431FBF7DA
:104F4000C5F922216CA0FBF7C1F9204600F084FAD4
:104F50003044243048F824000BE0204600F07CFA6E
:104F60003044416A48F82410F07D00B364A0FBF798
:104F7000ADF99DF86000401E844202D062A0FBF7AC
:104F8000A5F9641CE4B29DF860008442C8D35FA018
:104F9000FBF79CF900F0A6FA707D0B2814D2DFE82D
:104FA00000F0080D31384048525E6B78890058A0F7
:104FB000DDE7306850F83500804704E0306850F88D
:104FC000351006988847074600F058FA9DF86400A7
:104FD00001286ED04FA0FBF779F996F8EC00002875
:104FE0000DD0D6F8F0000A21B0FBF1F201FB12025D
:104FF000B0FBF1F100E002E047A0FBF767F91AB05F
:10500000BDE8F081306850F83520DDE906019047B1
:10501000D9E7306806AC50F8353094E80700984777
:10502000D1E7306806AF50F8354097E80F00A04749
:10503000C9E70A980090306806AF50F8354097E805
:105040000F00A047BFE7DDE90A01CDE900013068A4
:1050500006AF50F8354097E80F00A047B3E70AAB1A
:1050600006AF93E807008DE80700306850F8354038
:1050700097E80F00A047A6E70AAC06AF94E80F0038
:105080008DE80F00306850F8354097E80F00A047D2
:1050900099E70BAC06AF94E80F0001AC84E80F0071
:1050A0000A980090306850F8354097E80F00A04704
:1050B00089E711E00CAC06AF94E80F0002AC84E87D
:1050C0000F00DDE90A01CDE90001306850F83540F4
:1050D00097E80F00A04776E7F07D394618B116A093
:1050E000FBF7F4F879E717A0FAE700005800002072
:1050F0000D0A2573280000002563000025730000B9
:1051000030582558000000002C0000002900000045
:10511000256C64003B0D0A0046756E6374696F6E02
:105120002052756E2054696D653A25642E253164D0
:105130006D730D0A000000003D305825583B0D0AE4
:10514000000000003D256C753B0D0A00F0B5002500
:105150002E462F462C4603782C2B03D0292B04D027
:105160001BB103E014B9012600E00CB317B1222BE8
:105170002AD02AE0A3F1300CBCF1090F19D92D2B4C
:1051800017D02B2B15D0A3F1610CBCF1050F10D952
:10519000A3F1410CBCF1050F0BD9582B09D0782B8A
:1051A00007D0222B0CD0202B1ED02C2B1CD0FF275D
:1051B0000CE05EB9612B00D3203B01F8013B13E00A
:1051C00026B901273C460FE0002426B100200870D4
:1051D00017702846F0BD3CB15C2B02D16D1CEDB2BE
:1051E000401C037801F8013B6D1CEDB2401CB2E796
:1051F00030B5002515700AE001F8014B1478401C09
:10520000641CE4B214709C4201D3012030BD0478C8
:10521000202C01D0002CEFD10D70002030BD0000FB
:105220002DE9FF4F002482B089469846A2462746C2
:10523000012526462246EB46029915E0202810D08B
:1052400002F07F03052B0CD202B9802202F07F030B
:10525000042B01D12A280AD1521C0BF80300D2B228
:1052600001E0852A04D0491C08780028E6D16AB1FB
:1052700002F07F0200200BF8020041A1584600F026
:105280000AFA38B1012188F8001000224FF0000816
:10529000029B15E0002088F80000F6E708F1010005
:1052A00000F0FF0813F8010F202801D02A2807D1A9
:1052B000184600F07DF9282802D02A2800D0C246DE
:1052C0001878282801D00028E8D10299BAF1000FF7
:1052D00001D05144491C4FF000084346087888B17A
:1052E000282804D0292806D0222810D011E083B91C
:1052F000641CE4B20DE063B924B1641E14F0FF0431
:1053000002D00DE04FF00108012F27D02FE04BB164
:1053100000234CB12C280CD0202816D0282814D0DB
:105320005AB110E00123F4E7202815D009F8010B49
:1053300012E00125521CD2B207E0052E03D20BF871
:105340000600761CF6B26D1CEDB2012C04D1022DC4
:1053500002D103257F1CFFB2491CBFE700200BF8D8
:10536000060007A1684600F096F900B900270498E6
:105370000770002089F8000006B04046BDE8F08FB5
:10538000766F6964000000002DE9F043002489462F
:10539000304DB5B0214622466B18491CC9B29A76E9
:1053A0000A29F9D302E010F8011F99B101782829E0
:1053B000F9D1461C4FF0010833AA69463046FFF781
:1053C000C5FE06449DF8CC0040B1012824D0FF283A
:1053D00036D10BE0012035B0BDE8F0839DF8000028
:1053E00070B334A9684600F0EBF808B10220F2E788
:1053F000204600F031F8284434994162298B08FA9C
:1054000004F081432983042029198876641CE4B2BE
:105410000A2C15D90320DEE7684600F051F9471C35
:10542000204600F019F841196846243100F03FF990
:10543000298B08FA04F00143281929838776E5E7C8
:105440003078292801D00028B6D189F80040002002
:10545000C1E7000058000020024610B500200146B8
:10546000054B05E05C18491CA47EC9B22044C0B2BB
:105470009142F7D310BD0000580000200948006891
:105480000169C943CA070849D1F8F02004D14FF691
:10549000FF731A44C1F8F020406A1044C1F8F000CC
:1054A00070470000FC0200205800002000EBC00103
:1054B00001EB00104FF0FF3101EB800010B581B21D
:1054C0004FF47A70FFF75CF901490120C87510BDEF
:1054D000580000200346012000E05843491EC9B28D
:1054E000FBD2704707486FF0010102681161026842
:1054F000090CD162C1600068002141620248C0F815
:10550000F0107047FC020020580000202DE9F04107
:10551000164E3088010426D51549C0B2154F002516
:105520000D54B9681248884704000FD0104800F0A5
:10553000D1F8012801D0040014D0012C09D0022C8C
:1055400009D0032C09D0042C0CD108E0F86880475E
:1055500008E009A004E00BA002E00DA000E00FA00D
:10556000FAF7B4FE3580BDE8F08100000E0000209F
:105570004C01002058000020BAAFCAFDB4EDCEF3B4
:10558000210D0A00B2CECAFDB4EDCEF3210D0A0002
:10559000B2CECAFDCCABB6E0210D0A00CEB4D5D256
:1055A000B5BDC6A5C5E4B5C4BAAFCAFD210D0A0094
:1055B00010F8011F202901D10028F9D1C8B2704785
:1055C0002DE9F0430E4600244FF00A082546014617
:1055D00034600A78A2F13003092B14D903782D2BFB
:1055E00001D02B2B00D174B1A2F14103052B0AD9B4
:1055F000582A05D012F0FF0F17D00120BDE8F08324
:10560000012C02D0F9E7412A01D34FF010080278AB
:105610002D2A04D02B2A04D0641CE4B203E0022516
:1056200000E00125401C491CD3E70746B8F1100FE4
:1056300001D084B112E0032C01D20220DEE73878D9
:10564000302802D17878582801D00320D6E7A41E4C
:10565000E4B2BF1C01E00420D0E70CB1641EE4B248
:10566000387801463038092801D8814601E0A1F197
:10567000370921464046FFF72DFF326809FB00201D
:10568000306017F8011F0029E7D1022D01D14042F7
:1056900030600020B2E702780B789A4201D00120F6
:1056A000704712B1401C491CF5E700207047027892
:1056B0000A700278002A02D0401C491CF7E77047A4
:1056C000002102781AB1491CC9B2401CF9E708460A
:1056D00070470000F0B58DB004461E2308AA694645
:1056E000FFF786FD0990002872D19DF82000271849
:1056F00000253E4C8DF820509DF8200054F82010D5
:105700006846FFF7C8FF38B19DF82000401CC0B2C2
:105710008DF820000728EFD39DF820000426344C94
:10572000072855D2DFE800F00404395A605F5E00B4
:1057300030A0FAF7CBFD30A0FAF7C8FD3EA0FAF78B
:10574000C5FD4DA0FAF7C2FD5BA0FAF7BFFD6AA048
:10575000FAF7BCFD78A0FAF7B9FD86A0FAF7B6FD16
:105760008BA0FAF7B3FD93A0FAF7B0FD97A0FAF774
:10577000ADFD9CA0FAF7AAFDA1A0FAF7A7FDA7A08E
:10578000FAF7A4FDB3A0FAF7A1FDC0A0FAF79EFDB9
:10579000CBA0FAF79BFDD7A01BE016A0FAF796FD69
:1057A000E4A0FAF793FD8DF820500BE0216806EB9A
:1057B000C0000958EFA0FAF789FD9DF82000401CB1
:1057C0008DF82000217D9DF820008142EED856E220
:1057D00057E2FAF77BFD00200DB0F0BD05A0FAF707
:1057E00075FDCBE12CE20CE2EBE100001C00002097
:1057F000580000200D0A00002D2D2D2D2D2D2D2DB2
:105800002D2D2D2D2D2D2D2D2D2D2D2D2D2D2D2DC8
:1058100055534D4152542056332E332D2D2D2D2DC1
:105820002D2D2D2D2D2D2D2D2D2D2D2D2D2D2D2DA8
:105830002D2D2D200D0A00002020202055534D41F4
:105840005254CAC7D3C9414C49454E54454BBFAACF
:10585000B7A2B5C4D2BBB8F6C1E9C7C9B5C4B4AE26
:10586000BFDAB5F7CAD4BBA5BDBBD7E9BCFE2CCD0A
:10587000A8B9FD200D0A0000CBFC2CC4E3BFC9D29F
:10588000D4CDA8B9FDB4AEBFDAD6FACAD6B5F7D32F
:10589000C3B3CCD0F2C0EFC3E6B5C4C8CEBACEBA5B
:1058A000AFCAFD2CB2A2D6B4D0D02ED2F2B4CB2C3B
:1058B000C4E3BFC90D0A0000D2D4CBE6D2E2B8FCE3
:1058C000B8C4BAAFCAFDB5C4CAE4C8EBB2CECAFD0B
:1058D00028D6A7B3D6CAFDD7D62831302F3136BD4A
:1058E000F8D6C62CD6A7B3D6B8BACAFD29A1A2D776
:1058F000D6B7FBB4AE0D0A00A1A2BAAFCAFDC8EB81
:10590000BFDAB5D8D6B7B5C8D7F7CEAAB2CECAFDDA
:10591000292CB5A5B8F6BAAFCAFDD7EEB6E0D6A722
:10592000B3D63130B8F6CAE4C8EBB2CECAFD2CB259
:10593000A2D6A7B3D60D0A00BAAFCAFDB7B5BBD879
:10594000D6B5CFD4CABE2ED6A7B3D6B2CECAFDCF57
:10595000D4CABEBDF8D6C6C9E8D6C3B9A6C4DC2C25
:10596000D6A7B3D6BDF8D6C6D7AABBBBB9A6C4DCEA
:105970002E0D0A00BCBCCAF5D6A7B3D63A77777706
:105980002E6F70656E6564762E636F6D0D0A000074
:1059900055534D415254D3D037B8F6CFB5CDB3C3DC
:1059A000FCC1EE28B1D8D0EBD0A1D0B4293A0D0A71
:1059B000000000003F3A202020202020BBF1C8A199
:1059C000B0EFD6FAD0C5CFA20D0A000068656C70A2
:1059D0003A202020BBF1C8A1B0EFD6FAD0C5CFA2A3
:1059E0000D0A00006C6973743A202020BFC9D3C32C
:1059F000B5C4BAAFCAFDC1D0B1ED0D0A0A000000AE
:105A000069643A2020202020BFC9D3C3BAAFCAFDA1
:105A1000B5C44944C1D0B1ED0D0A0A006865783AB1
:105A200020202020B2CECAFD3136BDF8D6C6CFD454
:105A3000CABE2CBAF3B8FABFD5B8F12BCAFDD7D677
:105A4000BCB4D6B4D0D0BDF8D6C6D7AABBBB0D0A5D
:105A50000A0000006465633A20202020B2CECAFD0F
:105A60003130BDF8D6C6CFD4CABE2CBAF3B8FABF0F
:105A7000D5B8F12BCAFDD7D6BCB4D6B4D0D0BDF8BA
:105A8000D6C6D7AABBBB0D0A0A00000072756E7499
:105A9000696D653A312CBFAAC6F4BAAFCAFDD4CB42
:105AA000D0D0BCC6CAB13B302CB9D8B1D5BAAFCA78
:105AB000FDD4CBD0D0BCC6CAB13B0D0A0A00000051
:105AC000C7EBB0B4D5D5B3CCD0F2B1E0D0B4B8F117
:105AD000CABDCAE4C8EBBAAFCAFDC3FBBCB0B2CE04
:105AE000CAFDB2A2D2D4BBD8B3B5BCFCBDE1CAF8E2
:105AF0002E0D0A002D2D2D2D2D2D2D2D2D2D2D2D45
:105B00002D2D2D2D2D2D2D2D2D2D2D2D2D2D414C92
:105B100049454E54454B2D2D2D2D2D2D2D2D2D2D03
:105B20002D2D2D2D2D2D2D2D2D2D2D2D2D2D2D20B2
:105B30000D0A00002D2D2D2D2D2D2D2D2D2D2D2D32
:105B40002D2D2D2D2D2D2D2D2D2D2D2D2DBAAFCAD9
:105B5000FDC7E5B5A52D2D2D2D2D2D2D2D2D2D2D53
:105B60002D2D2D2D2D2D2D2D2D2D2D2D2D2D2D2D65
:105B7000200D0A0025730D0A0000000042A0FAF76C
:105B8000A5FB8DF8205016E0216806EBC0000BAB9A
:105B900008580AAA6946FFF743FB9DF820102068C1
:105BA00050F83120694648A0FAF790FB9DF8200094
:105BB000401C8DF82000217D9DF820008142E3D813
:105BC0005DE0AFF2D030FAF781FB08AA69463846AB
:105BD000FFF7BCFA9DF82000002843D109A96846C8
:105BE000FFF7EEFC8DF8200010B104283AD102E056
:105BF0003AA009991CE03CA0FAF768FB0120E07587
:105C00003DE038A0FAF762FB08AA69463846FFF77C
:105C10009DFA9DF8200028BB09A96846FFF7D0FC33
:105C20008DF8200010B104281CD104E033A009999C
:105C3000FAF74CFB23E034A0FAF748FBE5751EE0C9
:105C400028A0FAF743FB08AA69463846FFF77EFA10
:105C50009DF8200030B909A96846FFF7B1FC8DF81E
:105C6000200008B10220B7E5099810F0FF0084F881
:105C7000EC0001D029A000E02FA0FAF727FB19A023
:105C8000A7E50120A8E500002D2D2D2D2D2D2D2D72
:105C90002D2D2D2D2D2D2D2D2D2D2D2D2D2D2D2D34
:105CA0002DBAAFCAFD204944202D2D2D2D2D2D2D8F
:105CB0002D2D2D2D2D2D2D2D2D2D2D2D2D2D2D2D14
:105CC0002D2D2D2D200D0A00257320696420697368
:105CD0003A0D0A3058253038580D0A004845583AD0
:105CE000305825580D0A00003136BDF8D6C6B2CE60
:105CF000CAFDCFD4CABE210D0A0000004445433A74
:105D0000256C750D0A0000003130BDF8D6C6B2CE44
:105D1000CAFDCFD4CABE210D0A00000052756E2004
:105D200054696D652043616C63756C6174696F6E55
:105D3000204F4E0D0A00000052756E2054696D65AB
:105D40002043616C63756C6174696F6E204F4646C9
:105D50000D0A00000160704721F00042A2F160527C
:105D6000B2F5801F01F0004328BFD2F17F6C0BD940
:105D70005FEA001C43EAC20242EB507018BF704752
:105D800028BF20F001007047B2F5801FBCBF184645
:105D900070474FEA410C1CF5001F02D2084600F084
:105DA00050B970B500F0F4F800000089FFF7F6BFB5
:105DB0004FF00040A0F58000704700004FEA1153FB
:105DC000A3F58063D3F11E03A8BFD3F1200C08DB39
:105DD0004FF0004242EAC12252EA505232FA03F036
:105DE000704709420BD4102BC4BF0020704703F545
:105DF000787CBCF1FF3F05D04FF0FF3070474FF08B
:105E00000000704770B500F0C3F800BF49922480CD
:105E100000207047F0E7B0FA80F310FA03F10AD0DF
:105E2000C3F11D0303F580634FEA41504FEA03526B
:105E300002EBD12170474FF000007047DFF848C1F6
:105E400070B51CEA111E1EBF1CEA13159EEA0C0F4A
:105E500095EA0C0F00F06F8081EA030423EA4C13EB
:105E60004EEAD47E21EA4C1141F4801143F48013B0
:105E7000AE44A1FB024CA0FB0365AEF17F7E361958
:105E800055EB0C05A1FB034C4CF10003A0FB021CDD
:105E900016EB0C06654153F10003094218BF46F0AA
:105EA000010613F4007F0BD14FEA03314FEA0530AE
:105EB000340341EA155140EA16506FF003020AE03C
:105EC0004FEAC3214FEAC520F40241EA555140EAA6
:105ED00056506FF0020202EB2E4201EB025585EAAA
:105EE000CE710AD05FEA440C18BF24F0004450F190
:105EF000000041F1000120EAD47040F2FE7C6245CE
:105F000000D270BDA84214BF4FF080444FF040440F
:105F1000002E08BF0024BEF1806FA8BFA1F1C041D0
:105F2000BDE8704080F282804FF0000001F1C04176
:105F300001F0004170479EEA0C0F0CEA131518BFE0
:105F400095EA0C0F06D04FF0000081EA030E0EF028
:105F5000004170BD00F01CF88900013E00F007B858
:105F600000F009B84FEA430C5FEA5C5C08D081EAB4
:105F7000030100F05BB84FEA410C5FEA5C5CF6D1CC
:105F80004FF00000014970470000FF070000F87F54
:105F90000EF1020E2EF0030E5EF8046B364205D4AD
:105FA000012A43EB030515F5001F12D8012841EB28
:105FB000010C1CF5001F0CD80ED14FEAD17C15F551
:105FC000001F0CEB4C0C0CF1020C08BF4CEBD37C0B
:105FD00004E04FF0080C01E04FEAD37C0CEB4C05D9
:105FE00026FA05F606F00706B6F1040C06D20EEB0B
:105FF000860CBDE870404CF0010C6047DFE80CF007
:10600000090B02024FF000414FF00000A1F5002102
:1060100070BD19461046012851EB010418BFD4F594
:10602000001484BF002001F0004170BD0808A0F5F5
:1060300000114FEA310170474FF04070E1EE100A55
:106040007047FF2141EAD050C005704700000000B2
:106050000000000001020304060708090000000018
:106060000102030400000000000000000000000026
:10607000000000003F400000000000000000300071
:10608000400030004000000009000BC03D000BC084
:106090003D00090018C024407FE02240318000000C
:1060A000180024C01B000D803240018003801C407A
:1060B00027401C80074000401000600000000000E6
:1060C000000000000000000000001F802040402071
:1060D0000000402020401F80000000000900060052
:1060E0001F80060009000000040004003F80040037
:1060F000040000000010006000000000000000002C
:10610000040004000400040004000000000000403B
:106110000000000000000000002001C00600380060
:10612000400000001F802040204020401F800000D1
:10613000000010403FC000400000000018C0214097
:106140002240244018400000108020402440244079
:106150001B80000002000D0011003FC00140000044
:106160003C80244024402440238000001F802440A1
:1061700024403440038000003000200027C0380055
:10618000200000001B802440244024401B8000008D
:106190001C0022C0224022401F800000000000009E
:1061A0000840000000000000000000000460000043
:1061B00000000000000004000A00110020804040A0
:1061C0000900090009000900090000000000404022
:1061D000208011000A000400180020002340240041
:1061E000180000001F802040274029401F40000069
:1061F000004007C039000F0001C0004020403FC0F0
:10620000244024401B8000001F802040204020406C
:106210003080000020403FC0204020401F80000010
:1062200020403FC024402E4030C0000020403FC0EE
:1062300024402E00300000000F001080204022403B
:106240003380020020403FC0040004003FC02040D3
:10625000204020403FC0204020400000006020201F
:1062600020203FC02000200020403FC024400B00E1
:1062700030C0204020403FC020400040004000C0CF
:106280003FC03C0003C03C003FC0000020403FC076
:106290000C4023003FC020001F80204020402040B1
:1062A0001F80000020403FC0244024001800000050
:1062B0001F802140214020E01FA0000020403FC05F
:1062C0002440260019C0004018C024402440224029
:1062D00031800000300020403FC0204030000000EE
:1062E00020003F80004000403F80200020003E0012
:1062F00001C0070038002000380007C03C0007C07C
:1063000038000000204039C0060039C0204000009D
:106310002000384007C0384020000000304021C035
:106320002640384020C00000000000007FE04020F0
:1063300040200000000070000C00038000400000BE
:106340000000402040207FE000000000000020000E
:10635000400020000000000000100010001000109D
:1063600000100010000000004000000000000000CD
:10637000000002800540054003C0004020003FC0EF
:1063800004400440038000000000038004400440F7
:106390000640000000000380044024403FC000404D
:1063A0000000038005400540034000000000044059
:1063B0001FC0244024402000000002E0055005508A
:1063C0000650042020403FC00440040003C00040A9
:1063D0000000044027C00040000000000010001032
:1063E000041027E00000000020403FC001400700EB
:1063F00004C00440204020403FC000400040000056
:1064000007C0040007C0040003C00000044007C028
:106410000440040003C00040000003800440044026
:1064200003800000041007F00450044003800000C3
:10643000000003800440045007F00010044007C02F
:106440000240040004000000000006400540054032
:1064500004C00000000004001F8004400040000051
:10646000040007800040044007C00040040007000B
:1064700004C0018006000400060001C0070001C03E
:1064800006000000044006C0010006C004400000F1
:106490000410071004E0018006000400000004401E
:1064A00005C00640044000000000000004007BE03E
:1064B00040200000000000000000FFF0000000008D
:1064C000000040207BE0040000000000400080004D
:1064D00040002000200040000000000000000000FC
:1064E00000000000000000000000000000001FCCC1
:1064F000000C0000000000000000080030006000F8
:106500000800300060000000022003FC1E20022072
:1065100003FC1E200220000000000E1811043FFFA3
:1065200010840C78000000000F0010840F3800C0A9
:10653000077818840078000000780F8410C41124B4
:106540000E9800E400840008080068007000000055
:10655000000000000000000000000000000007E054
:1065600018182004400200000000400220041818FF
:1065700007E00000000000000240024001800FF030
:1065800001800240024000000080008000800FF87F
:1065900000800080008000000001000D000E00005F
:1065A000000000000000000000000080008000806B
:1065B00000800080008000800000000C000C0000C3
:1065C000000000000000000000000006001800604D
:1065D0000180060018002000000007F008081004E1
:1065E0001004080807F000000000080408041FFC5D
:1065F000000400040000000000000E0C1014102421
:10660000104411840E0C000000000C18100411043A
:10661000110412880C700000000000E00320042424
:1066200008241FFC0024000000001F98108411049F
:106630001104108810700000000007F00888110491
:10664000110418880070000000001C00100010FCED
:1066500013001C001000000000000E3811441084CC
:10666000108411440E38000000000700088C10440C
:106670001044088807F00000000000000000030C30
:10668000030C0000000000000000000000010106F3
:106690000000000000000000000000800140022017
:1066A000041008081004000002200220022002202A
:1066B000022002200220000000001004080804103C
:1066C000022001400080000000000E001200100CAB
:1066D000106C10800F00000003E00C1813E4142469
:1066E00017C4082807D000000004003C03C41C4065
:1066F000074000E4001C000410041FFC11041104F6
:1067000011040E880070000003E00C18100410043F
:10671000100410081C10000010041FFC10041004CA
:106720001004080807F0000010041FFC11041104F5
:1067300017C410040818000010041FFC11041100F5
:1067400017C010000800000003E00C18100410042B
:1067500010441C780040000010041FFC10840080CE
:10676000008010841FFC10040000100410041FFCA3
:1067700010041004000000000003000110011001CB
:106780001FFE10001000000010041FFC1104038005
:106790001464181C1004000010041FFC10040004F2
:1067A00000040004000C000010041FFC1F0000FC8B
:1067B0001F001FFC1004000010041FFC0C04030049
:1067C00000E010181FFC100007F008081004100467
:1067D0001004080807F0000010041FFC108410804B
:1067E000108010800F00000007F0081810241024FB
:1067F000101C080A07F2000010041FFC110411000D
:1068000011C011300E0C000400000E1C1104108485
:10681000108410441C3800001800100010041FFCE5
:10682000100410001800000010001FF810040004ED
:10683000000410041FF8100010001E0011E0001CDE
:10684000007013801C0010001FC0103C00E01F00EF
:1068500000E0103C1FC000001004180C163401C0EA
:1068600001C01634180C100410001C00130400FCA6
:1068700013041C00100000000804101C1064108495
:1068800013041C04101800000000000000007FFE2C
:106890004002400240020000000030000C00038073
:1068A0000060001C000300000000400240024002A3
:1068B0007FFE0000000000000000000020004000FB
:1068C0004000400020000000000100010001000124
:1068D0000001000100010001000040004000200014
:1068E00000000000000000000000009801240144A6
:1068F0000144014400FC000410001FFC0088010456
:10690000010400880070000000000070008801048D
:1069100001040104008800000000007000880104E8
:10692000010411081FFC0004000000F801440144A8
:106930000144014400C800000000010401040FFCF0
:106940001104110411001800000000D601290129CA
:10695000012901C90106000010041FFC0084010088
:106960000100010400FC000400000104190419FCEA
:106970000004000400000000000000030001010109
:10698000190119FE0000000010041FFC0024004043
:1069900001B4010C010400000000100410041FFCED
:1069A0000004000400000000010401FC01040100D7
:1069B00001FC0104010000FC010401FC0084010051
:1069C0000100010400FC0004000000F801040104BF
:1069D0000104010400F80000010101FF0085010429
:1069E00001040088007000000000007000880104AD
:1069F0000104010501FF00010104010401FC008400
:106A00000104010001800000000000CC01240124E9
:106A1000012401240198000000000100010007F892
:106A20000104010400000000010001F8000400045A
:106A30000004010801FC0004010001800170000C49
:106A4000001001600180010001F0010C003001C064
:106A50000030010C01F0010000000104018C007401
:106A60000170018C01040000010101810171000E1F
:106A7000001801600180010000000184010C013454
:106A800001440184010C000000000000000000002F
:106A900001003EFC40024002000000000000000037
:106AA000FFFF0000000000000000400240023EFC2A
:106AB0000100000000000000000060008000800075
:106AC0004000400020002000000000000000000006
:106AD00000000000000000000000000000000000B6
:106AE00000000000000000000000000000000000A6
:106AF00000000000000000000000000F80380FFEC2
:106B0000380F803800000000000000000000000086
:106B10000000000000000100000600000C0000382A
:106B200000003100000600000C00003800003000BA
:106B3000000000000000000061800067F807F98095
:106B40000061800061800061800061800067F8075B
:106B5000F98000618000000000000000000001C01A
:106B6000E003E0F00630080418081FFFFE040E08DA
:106B70000787F00381E000000000000001F000063C
:106B80000C00040408060C7001F9C0000E00003B64
:106B9000E000EC18070808040C180003E0000000EF
:106BA0000001E00007F003F818041C0804170807A8
:106BB000E1D003C0E00023B0003C08002008000042
:106BC0001000000000000001000031000032000051
:106BD0001C00000000000000000000000000000099
:106BE00000000000000000000000000000000000A5
:106BF00000000000000000007F0001FFC00780F0DF
:106C00000C0018100004200002000000000000200A
:106C100000021000040C00180780F001FFC0007F84
:106C20000000000000000000000000000000000064
:106C3000000000004200006600006600003C00000A
:106C4000180003FFC0001800003C0000660000664A
:106C500000004200000000000800000800000800DA
:106C600000080000080001FFC00008000008000044
:106C700008000008000008000000000000010000FB
:106C80003100003200001C00000000000000000085
:106C900000000000000000000000000000000000F4
:106CA00008000008000008000008000008000008B4
:106CB00000000800000800000800000800000000B4
:106CC000000000000000000038000038000038001C
:106CD00000000000000000000000000000000000B4
:106CE0000000000000000000000600001C00007012
:106CF000000180000E0000380000C0000700001CEA
:106D00000000300000000000000000007F8001FF54
:106D1000E00380700600180400080400080600184C
:106D200003807001FFE0007F800000000000000091
:106D3000000001000801000801000803FFF807FF38
:106D4000F800000800000800000800000000000033
:106D500000000001C03802C0580400980401180463
:106D60000218040418061C1803F81801E0F80000C3
:106D70000000000000000001C0E003C0F0040008B3
:106D800004080804080806180803F41801E7F000CE
:106D900001E0000000000000000000000300000D02
:106DA0000000110000610000810803010807FFF8DE
:106DB0000FFFF800010800010800000000000000BB
:106DC00000E007FCD00608080610080610080610A8
:106DD00008061838060FF00607C000000000000083
:106DE000000000003F8001FFE00384300208180427
:106DF0001008041008041008071810030FF000070B
:106E0000C000000000000000000003C000070000F8
:106E10000600000600F80607F806180006E000075E
:106E2000000006000000000000000001E1E003F7A0
:106E3000F0063410041808041808040C08040C08A0
:106E400006161803F3F001C1E00000000000000086
:106E5000F80003FC300306380402080402080402A8
:106E6000080404100308F001FFC0007F00000000C8
:106E70000000000000000000000000000000000012
:106E8000703800703800703800000000000000000A
:106E900000000000000000000000000000000000F2
:106EA00000000000301A00301C000000000000004C
:106EB00000000000000000000000000000000008CA
:106EC000000014000022000041000080800100400A
:106ED000020020040010080008000000000000006C
:106EE00021000021000021000021000021000021DC
:106EF000000021000021000021000021000000000E
:106F0000000000000000080008040010020020013A
:106F100000400080800041000022000014000008B2
:106F20000000000000000003C00004C000040000D6
:106F3000080038080F380808380810000C3000071F
:106F4000E00003C000000000000000003F8000FFE0
:106F5000E0038070020F1006708804C08804830864
:106F6000047F8802C09003012000FE40000008005A
:106F700000180001F8003E0801C20007020007E205
:106F80000000FE00001FC80001F8000038000008E3
:106F900004000807FFF807FFF804080804080804BD
:106FA000080804080806180803F41801E7F00001AF
:106FB000E0000000000000003F8001FFE00380705F
:106FC0000200180400080400080400080400100669
:106FD00000200780C000000004000807FFF807FF3A
:106FE000F804000804000804000804001802001057
:106FF00003807001FFE0007F8000000004000807AC
:10700000FFF807FFF8040808040808040808040843
:1070100008043E0804000806001801006000000093
:1070200004000807FFF807FFF80408080408000434
:107030000800040800043E0006000006000001806D
:1070400000000000000000003F8001FFE0038070AE
:107050000600180400080402080402080203F007EE
:1070600083F000020000020004000807FFF807FF99
:10707000F8040808000800000800000800000800E4
:1070800004080807FFF807FFF804000800000000E4
:10709000000004000804000804000807FFF807FFC8
:1070A000F8040008040008040008000000000000C4
:1070B00000000000000600000700000104000104B9
:1070C000000104000307FFFE07FFFC0400000400AA
:1070D0000004000004000807FFF807FFF8040C088C
:1070E000001800003E0004C7800503C80600F8042D
:1070F000003804001800000804000807FFF807FF24
:10710000F80400080000080000080000080000085B
:1071100000000800001800006000000004000807DC
:10712000FFF807800807FC00007FC00003F8000795
:10713000C000780007800807FFF807FFF804000880
:1071400004000807FFF807000803C00000E0000083
:107150003800001E000007000001C00400F007FF17
:10716000F8040000000000007F8001FFE003807051
:107170000600180400080400080600180300300187
:10718000FFE0007F8000000004000807FFF807FF11
:10719000F8040408040400040400040400040400C7
:1071A000060C0003F80001F00000000000000000E1
:1071B0007F8001FFE00380700600880400880400DF
:1071C000C806003C03003E01FFE6007F840000008B
:1071D00004000807FFF807FFF80408080408000483
:1071E0000C00040F00040BC00610F003F03801E09F
:1071F0000800000800000001E0F803F0300630103D
:10720000041808041808040C08040C0802061802E4
:1072100007F00781E0000000018000060000040084
:107220000004000004000807FFF807FFF804000846
:1072300004000004000006000001800004000007B4
:10724000FFE007FFF004001800000800000800003D
:107250000800000800000804001007FFE004000018
:1072600004000006000007E00007FE00041FE00025
:1072700001F80000380001E0043E0007C0000600ED
:107280000004000004000007E00007FFC0041FF82E
:107290000007C007F80007FF80043FF80007C0049C
:1072A000F8000700000400000000000400080600C9
:1072B0001807C07805F1C8003E00001F800463E88D
:1072C0000780F8060018040008000000040000060B
:1072D000000007800007E008047C08001FF8000792
:1072E000F800180804E00807000006000004000089
:1072F0000000000100080600380400F80403E80458
:107300000F08047C0805F00807C0080700180400EF
:10731000600000000000000000000000000000000D
:107320000000003FFFFE200002200002200002209B
:107330000002200002000000000000000000080021
:107340000007000000C0000038000006000001C077
:1073500000003000000E00000100000000000000EE
:107360000000200002200002200002200002200075
:10737000023FFFFE000000000000000000000000CF
:1073800000000000000000000008000010000030B5
:107390000000200000300000100000080000000085
:1073A00000000000000001000001000001000001D9
:1073B00000000100000100000100000100000100C8
:1073C00000010000010000010000000000000000BA
:1073D000002000002000001000001000000000004D
:1073E000000000000000000000000000000000009D
:1073F00000F00019F8001B180022080026080024DD
:1074000008002410003FF8001FF8000008000018D2
:1074100000000004000007FFF80FFFF0001818003C
:107420001008002008002008003018001FF0000F8E
:10743000C00000000000000007C0001FF00018306E
:10744000002008002008002008003C08001C100054
:1074500000600000000000000000000007C0001FE6
:10746000F000381800200800200800200804101040
:1074700007FFF80FFFF00000100000000000000000
:1074800000000007C0001FF0001230002218002288
:1074900008002208003208001E10000E2000000024
:1074A00000000000200000200800200801FFF80371
:1074B000FFF8062008042008042008072000030025
:1074C0000000000000000000000E000E6E001FF320
:1074D0000031B10020B10020B1003191001F130034
:1074E0002E1E00200E00300000000004000807FFE0
:1074F000F80FFFF80010080020000020000020080E
:10750000003FF8001FF80000080000000000000025
:107510000000002008002008002008063FF8063F71
:10752000F80000080000080000080000000000004B
:107530000000000000000000030000030020010024
:107540002001002003063FFE063FFC000000000073
:107550000000000000000004000807FFF80FFFF81B
:10756000000188000300002FC00038F80020380018
:1075700020080000080000000000000000000400D7
:107580000804000804000807FFF80FFFF8000008CF
:1075900000000800000800000000000000200800B3
:1075A0003FF8003FF8001008002000003FF8003FBF
:1075B000F8001008002000003FF8003FF800000825
:1075C000000000002008003FF8003FF8001008000D
:1075D0001000002000002008003FF8001FF8000005
:1075E000080000000000000007C0000FF000183085
:1075F0000030080020080020080030080018300083
:107600000FF00007C0000000000000002001003F54
:10761000FF003FFF00101100200900200800200893
:10762000003038001FF0000FC00000000000000014
:1076300007C0001FF00038180020080020080020B4
:1076400009001011001FFF003FFF000001000000B3
:10765000002008002008002008003FF8003FF80044
:10766000080800100800200800200000300000304A
:1076700000000000000000000000000C78001E1850
:107680000033080023080021080021880021980009
:1076900030F00038600000000000000020000020F2
:1076A0000000200000FFF003FFF800200800200881
:1076B0000020080000300000000000000000000072
:1076C0002000003FF0007FF80000180000080000D4
:1076D00008002010003FF8007FF0000010000000BC
:1076E000000000002000003000003C00003F80004F
:1076F00023F0000078000070002380003C00003080
:1077000000002000002000003C00003FE00023F8C3
:107710000000E0002700003E00003FE00021F800EC
:1077200001E0003E000020000000000020080020D2
:1077300008003838003E680027800003C8002CF895
:107740000038380020180020080000000000000069
:107750002000003003003C01003F830023EC0000C8
:1077600070002380003C000020000020000000008A
:107770000000000000000038080020380020F80059
:1077800023E8002F88003E08003808002018000079
:107790007000000000000000000000000000000079
:1077A0000000000008000014001FF7FC3000062055
:1077B00000020000000000000000000000000000C7
:1077C00000000000000000000000FFFFFF000000BC
:1077D00000000000000000000000000000000000A9
:1077E00000002000023000061FF7FC001400000813
:1077F0000000000000000000000000000000000089
:107800000000001800006000004000004000002060
:1078100000001000000800000400000400000C003C
:107820000010000000000000000000000000000048
:107830000000000000000000000000000000000048
:107840000000000000000000000000000000000038
:107850000000000000000000000000000000000028
:107860000000000000000000000000000000000018
:107870000000000000000000000000000000000008
:1078800000000000000000000000000000000000F8
:1078900000000000000000000000000000000000E8
:1078A00000000000000000000000000000000000D8
:1078B00000000000000000000000000007F000C011
:1078C00007FFE1E007F001E0000000C00000000059
:1078D00000000000000000000000000000000000A8
:1078E0000000000000000000000000000000000098
:1078F0000000000000000000000000000000000088
:107900000000000000000000000000000000000077
:107910000000000000000000000000000000000067
:107920000000000000000000000000000020000037
:1079300001C00000078000001F0000001E000000C2
:107940001C20000001C00000078000001F00000094
:107950001E0000001C0000000000000000000000ED
:107960000000000000000000000000000000000017
:107970000000000000000000000000000000000007
:1079800000000000000000000000000000000000F7
:1079900000000000000000000000000000000000E7
:1079A000000000000000000000180C0000180C008F
:1079B00000180FE0001FFC0003F80C0000180C007A
:1079C00000180C0000180C0000180C0000180FE044
:1079D000001FFC0003F80C0000180C0000180C003D
:1079E0000000000000000000000000000000000097
:1079F0000000000000000000000000000000000087
:107A00000000000000000000000000000000000076
:107A10000000000000000000000000000000000066
:107A200000000000000000000000000000000780CF
:107A3000007807C000FC0640010E0020030700206C
:107A4000020380200FFFFFFC0201C0200200E06063
:107A50000130704001F03F8000F01F000000000086
:107A60000000000000000000000000000000000016
:107A70000000000000000000000000000000000006
:107A800000000000000000000000000000000000F6
:107A900000000000000000000000000000000000E6
:107AA0000000000000FE000001FF00000301800054
:107AB00002008060030181C001FF070000FE180082
:107AC0000000E0000003BF00000CFFC000718060F8
:107AD00001C10020030180600000FFC000003F00E2
:107AE0000000000000000000000000000000000096
:107AF0000000000000000000000000000000000086
:107B00000000000000000000000000000000000075
:107B10000000000000000000000000000000000065
:107B20000000000000001F0000007FC000FCC0C07B
:107B300001FF80600303E0200202782002061E207D
:107B400003FC074001F00380000103C000011C603A
:107B50000001E02000010020000100400000018041
:107B60000000000000000000000000000000000015
:107B70000000000000000000000000000000000005
:107B800000000000000000000000000000000000F5
:107B900000000000000000000000000000000000E5
:107BA0000000000000000000002000001C60000039
:107BB0001C4000001F8000000F00000000000000BB
:107BC00000000000000000000000000000000000B5
:107BD00000000000000000000000000000000000A5
:107BE0000000000000000000000000000000000095
:107BF0000000000000000000000000000000000085
:107C00000000000000000000000000000000000074
:107C10000000000000000000000000000000000064
:107C20000000000000000000000000000000000054
:107C30000000000000000000000000000000000044
:107C40000007F800003FFF00007807C001C000E017
:107C500003000030040000080800000410000002C7
:107C60000000000000000000000000000000000014
:107C70000000000000000000000000000000000004
:107C800000000000000000000000000000000000F4
:107C900000000000000000000000000000000000E4
:107CA00000000000000000001000000208000004B6
:107CB000040000080300003001C000E0007807C0A5
:107CC000003FFF000007F800000000000000000077
:107CD00000000000000000000000000000000000A4
:107CE0000000000000000000000000000000000094
:107CF0000000000000000000000000000000000084
:107D00000000000000000000000000000000000073
:107D10000000000000000000000000000000000063
:107D2000000000000000000000000000000C18002F
:107D3000000E3800000E380000063000000360001E
:107D40000061438000FFFF8000614300000360008A
:107D500000063000000E3800000E3800000C18003D
:107D60000000000000000000000000000000000013
:107D70000000000000000000000000000000000003
:107D800000000000000000000000000000000000F3
:107D900000000000000000000000000000000000E3
:107DA0000000000000000000000000000000800053
:107DB00000008000000080000000800000008000C3
:107DC00000008000007FFF000000800000008000B5
:107DD00000008000000080000000800000008000A3
:107DE0000000000000000000000000000000000093
:107DF0000000000000000000000000000000000083
:107E00000000000000000000000000000000000072
:107E10000000000000000000000000000000000062
:107E2000000000000000000000000001000000E36E
:107E3000000000E2000000FC0000007800000000EC
:107E40000000000000000000000000000000000032
:107E50000000000000000000000000000000000022
:107E60000000000000000000000000000000000012
:107E70000000000000000000000000000000000002
:107E800000000000000000000000000000000000F2
:107E900000000000000000000000000000000000E2
:107EA00000000000000000000000800000008000D2
:107EB00000008000000080000000800000008000C2
:107EC00000008000000080000000800000008000B2
:107ED00000008000000080000000800000008000A2
:107EE0000000000000000000000000000000000092
:107EF0000000000000000000000000000000000082
:107F00000000000000000000000000000000000071
:107F10000000000000000000000000000000000061
:107F2000000000000000000000000000000000C091
:107F3000000001E0000001E0000000C000000000BF
:107F40000000000000000000000000000000000031
:107F50000000000000000000000000000000000021
:107F60000000000000000000000000000000000011
:107F70000000000000000000000000000000000001
:107F800000000000000000000000000000000000F1
:107F900000000000000000000000000000000000E1
:107FA00000000000000000000000000C000000388D
:107FB000000000E00000038000000E000000380018
:107FC0000000E00000038000000E00000038000008
:107FD00000E00000038000000E0000001800000018
:107FE0000000000000000000000000000000000091
:107FF0000000000000000000000000000000000081
:108000000000000000000000000000000000000070
:108010000000000000000000000000000000000060
:10802000000000000000000000000000000FF80049
:10803000007FFF0000F00780018000C003000060A7
:108040000200002002000020020000200300006067
:10805000018000C000E00380007FFF00000FF800F7
:108060000000000000000000000000000000000010
:108070000000000000000000000000000000000000
:1080800000000000000000000000000000000000F0
:1080900000000000000000000000000000000000E0
:1080A00000000000000000000000000000000000D0
:1080B0000080002000800020008000200080006000
:1080C00001FFFFE003FFFFE0000000600000002070
:1080D0000000002000000020000000000000000060
:1080E0000000000000000000000000000000000090
:1080F0000000000000000000000000000000000080
:10810000000000000000000000000000000000006F
:10811000000000000000000000000000000000005F
:10812000000000000000000000000000007800E0F7
:108130000098016001000260020004600200086013
:1081400002001060020020600200406003008060B6
:108150000183006001FE00E0007C07800000000059
:10816000000000000000000000000000000000000F
:1081700000000000000000000000000000000000FF
:1081800000000000000000000000000000000000EF
:1081900000000000000000000000000000000000DF
:1081A00000000000000000000000000000F0078058
:1081B00001F007C001000040020000200201002081
:1081C000020100200201002003038020018680407C
:1081D00001FCC0C000787F8000001E00000000008D
:1081E000000000000000000000000000000000008F
:1081F000000000000000000000000000000000007F
:10820000000000000000000000000000000000006E
:10821000000000000000000000000000000000005E
:10822000000000000000000000000800000038000E
:10823000000048000001880000060800000C08103B
:10824000003008100040081001FFFFF003FFFFF0AE
:1082500003FFFFF0000008100000081000000810E5
:10826000000000000000000000000000000000000E
:1082700000000000000000000000000000000000FE
:1082800000000000000000000000000000000000EE
:1082900000000000000000000000000000000000DE
:1082A0000000000000000000000000000000078047
:1082B000001F864003E10020030200200304002089
:1082C00003040020030400200304002003060040F0
:1082D000030301C00301FF8003007E0000000000D3
:1082E000000000000000000000000000000000008E
:1082F000000000000000000000000000000000007E
:10830000000000000000000000000000000000006D
:10831000000000000000000000000000000000005D
:108320000000000000000000000000000007FC004A
:10833000003FFF000070C380008180C00101006029
:10834000030200200202002002020020020200209C
:108350000203004001C180C000C0FF8000007E0019
:10836000000000000000000000000000000000000D
:1083700000000000000000000000000000000000FD
:1083800000000000000000000000000000000000ED
:1083900000000000000000000000000000000000DD
:1083A00000000000000000000000000000F00000DD
:1083B00003C000000380000003000000030007E08A
:1083C00003003FE00301C0000306000003180000A3
:1083D00003600000038000000300000000000000B4
:1083E000000000000000000000000000000000008D
:1083F000000000000000000000000000000000007D
:10840000000000000000000000000000000000006C
:10841000000000000000000000000000000000005C
:10842000000000000000000000001F0000783F80F6
:1084300000FC60C0018EC0400307802002030020C2
:1084400002018020020180200201C0200301E040DF
:10845000018670C000FC3F8000781F000000000013
:10846000000000000000000000000000000000000C
:1084700000000000000000000000000000000000FC
:1084800000000000000000000000000000000000EC
:1084900000000000000000000000000000000000DC
:1084A0000000000000000000003F000000FF81C04D
:1084B00001C0C1C001006020020020200200202075
:1084C0000200202002002060020040C00100C180A4
:1084D00000C18F00007FFE00001FF00000000000C0
:1084E000000000000000000000000000000000008C
:1084F000000000000000000000000000000000007C
:10850000000000000000000000000000000000006B
:10851000000000000000000000000000000000005B
:10852000000000000000000000000000000000004B
:10853000000000000000000000000000000300C078
:10854000000781E0000781E0000300C00000000098
:10855000000000000000000000000000000000001B
:10856000000000000000000000000000000000000B
:1085700000000000000000000000000000000000FB
:1085800000000000000000000000000000000000EB
:1085900000000000000000000000000000000000DB
:1085A00000000000000000000000000000000000CB
:1085B000000000000000000000000000000600664F
:1085C000000600780000000000000000000000002D
:1085D000000000000000000000000000000000009B
:1085E000000000000000000000000000000000008B
:1085F000000000000000000000000000000000007B
:10860000000000000000000000000000000000006A
:10861000000000000000000000000000000000005A
:1086200000000000000000000000000000008000CA
:108630000001C0000003600000063000000C1800BC
:1086400000180C00003006000060030000C001802C
:1086500001000040020000200400001000000000A3
:10866000000000000000000000000000000000000A
:1086700000000000000000000000000000000000FA
:1086800000000000000000000000000000000000EA
:1086900000000000000000000000000000000000DA
:1086A00000000000000000000004100000041000A2
:1086B000000410000004100000041000000410006A
:1086C000000410000004100000041000000410005A
:1086D000000410000004100000041000000410004A
:1086E000000000000000000000000000000000008A
:1086F000000000000000000000000000000000007A
:108700000000000000000000000000000000000069
:108710000000000000000000000000000000000059
:108720000000000000000000000000000400001035
:10873000020000200100004000C001800060030032
:108740000030060000180C00000C18000006300075
:10875000000360000001C000000080000000000075
:108760000000000000000000000000000000000009
:1087700000000000000000000000000000000000F9
:1087800000000000000000000000000000000000E9
:1087900000000000000000000000000000000000D9
:1087A0000000000000000000000000000078000051
:1087B00001F800000238000002000000040000C0C0
:1087C000040079E0040081E0040100C0040300001B
:1087D000020200000306000001FC000000F8000097
:1087E0000000000000000000000000000000000089
:1087F0000000000000000000000000000000000079
:108800000000000000000000000000000000000068
:108810000000000000000000000000000000000058
:108820000000000000000000000FF800003FFE0004
:108830000070078000C000C00101F8400307FC2061
:10884000021E04200230082002203020023FFC20BB
:10885000013F044001800CC000E03180001FC200D5
:108860000000000000000000000000000000000008
:1088700000000000000000000000000000000000F8
:1088800000000000000000000000000000000000E8
:1088900000000000000000000000000000000000D8
:1088A000000000000000002000000060000003E065
:1088B00000003E200003E020003E200003E02000F6
:1088C0000380200007FC2000003FE0000003FE20A2
:1088D00000003FE0000001E0000000200000002058
:1088E0000000000000000000000000000000000088
:1088F0000000000000000000000000000000000078
:108900000000000000000000000000000000000067
:108910000000000000000000000000000000000057
:108920000000000000000000020000200200002003
:1089300003FFFFE003FFFFE002010020020100202F
:108940000201002002010020020100200303002098
:108950000186806001FCC0C000F87F8000001F001D
:108960000000000000000000000000000000000007
:1089700000000000000000000000000000000000F7
:1089800000000000000000000000000000000000E7
:1089900000000000000000000000000000000000D7
:1089A00000000000000000000007F800003FFF008A
:1089B0000070078000C000C00100004003000020DC
:1089C000020000200200002002000020020000201F
:1089D00001000040018000C003C00180003006009B
:1089E0000000000000000000000000000000000087
:1089F0000000000000000000000000000000000077
:108A00000000000000000000000000000000000066
:108A10000000000000000000000000000000000056
:108A20000000000000000000020000200200002002
:108A300003FFFFE003FFFFE0020000200200002030
:108A4000020000200200002003000060010000403E
:108A5000018000C000F00780007FFE00000FF800DA
:108A60000000000000000000000000000000000006
:108A700000000000000000000000000000000000F6
:108A800000000000000000000000000000000000E6
:108A900000000000000000000000000000000000D6
:108AA0000000000000000000020000200200002082
:108AB00003FFFFE003FFFFE00201002002010020AE
:108AC0000201002002010020020100200203802098
:108AD000020FE0200300006003C000E0006003001C
:108AE0000000000000000000000000000000000086
:108AF0000000000000000000000000000000000076
:108B00000000000000000000000000000000000065
:108B10000000000000000000000000000000000055
:108B20000000000000000000020000200200002001
:108B300003FFFFE003FFFFE002010020020100202D
:108B40000201000002010000020100000201000019
:108B500002038000030FE0000300000003C00000D8
:108B600000600000000000000000000000000000A5
:108B700000000000000000000000000000000000F5
:108B800000000000000000000000000000000000E5
:108B900000000000000000000000000000000000D5
:108BA00000000000000000000007F800003FFE0089
:108BB0000070078001C001C00100004003000020D8
:108BC00002000020020000200200002001002020FE
:108BD0000100204003C03F8000303F8000002000A3
:108BE0000000200000000000000000000000000065
:108BF0000000000000000000000000000000000075
:108C00000000000000000000000000000000000064
:108C10000000000000000000000000000000000054
:108C200000000000020000200200002003FFFFE01F
:108C300003FFFFE00200802002008020000080008F
:108C400000008000000080000200802002008020E0
:108C500003FFFFE003FFFFE002000020020000200E
:108C60000000000000000000000000000000000004
:108C700000000000000000000000000000000000F4
:108C800000000000000000000000000000000000E4
:108C900000000000000000000000000000000000D4
:108CA00000000000000000000000000000000000C4
:108CB000020000200200002002000020020000202C
:108CC00003FFFFE003FFFFE002000020020000209E
:108CD0000200002002000020000000000000000050
:108CE0000000000000000000000000000000000084
:108CF0000000000000000000000000000000000074
:108D00000000000000000000000000000000000063
:108D10000000000000000000000000000000000053
:108D200000000000000000000000000E0000000F26
:108D30000000000F0000000102000001020000011D
:108D4000020000030200000603FFFFFC03FFFFF820
:108D5000020000000200000002000000020000000B
:108D60000000000000000000000000000000000003
:108D700000000000000000000000000000000000F3
:108D800000000000000000000000000000000000E3
:108D900000000000000000000000000000000000D3
:108DA000000000000000000002000020020000207F
:108DB00003FFFFE003FFFFE00200C02002010020EC
:108DC00000078000000FE0000030F80002603E2045
:108DD00003800F20030003E0020000E002000020F7
:108DE0000000002000000000000000000000000063
:108DF0000000000000000000000000000000000073
:108E00000000000000000000000000000000000062
:108E10000000000000000000000000000000000052
:108E200000000000000000000200002002000020FE
:108E300003FFFFE003FFFFE002000020020000202C
:108E400000000020000000200000002000000020A2
:108E50000000002000000060000000E000000300AF
:108E60000000000000000000000000000000000002
:108E700000000000000000000000000000000000F2
:108E800000000000000000000000000000000000E2
:108E900000000000000000000000000000000000D2
:108EA00000000000020000200200002003FFFFE09D
:108EB00003E0002003FF0020001FF0000001FF80FE
:108EC00000000FE000001E000003E000003E002054
:108ED00003E0002003FFFFE003FFFFE002000020AB
:108EE0000200002000000000000000000000000060
:108EF0000000000000000000000000000000000072
:108F00000000000000000000000000000000000061
:108F10000000000000000000000000000000000051
:108F200000000000020000200200002003FFFFE01C
:108F30000380002003F0002000FC0000001F000060
:108F40000007C0000001F00000007C0002001F804C
:108F5000020007E003FFFFE0020000000200000043
:108F60000000000000000000000000000000000001
:108F700000000000000000000000000000000000F1
:108F800000000000000000000000000000000000E1
:108F900000000000000000000000000000000000D1
:108FA0000000000000000000000FF800003FFE007D
:108FB00000F00780018000C0010000400200002096
:108FC00002000020020000200200002001000040FA
:108FD000018000C000F00380003FFE00000FF80099
:108FE0000000000000000000000000000000000081
:108FF0000000000000000000000000000000000071
:109000000000000000000000000000000000000060
:109010000000000000000000000000000000000050
:1090200000000000000000000200002002000020FC
:1090300003FFFFE003FFFFE002008020020080202A
:109040000200800002008000020080000200800018
:10905000030180000183000000FE0000007C00008E
:109060000000000000000000000000000000000000
:1090700000000000000000000000000000000000F0
:1090800000000000000000000000000000000000E0
:1090900000000000000000000000000000000000D0
:1090A0000000000000000000000FF800007FFF003B
:1090B00000F00380018001C001000640020004208E
:1090C0000200042002000620020003E0010000F874
:1090D0000180005C00E0038C003FFF0C000FFC18D7
:1090E0000000000000000000000000000000000080
:1090F0000000000000000000000000000000000070
:10910000000000000000000000000000000000005F
:10911000000000000000000000000000000000004F
:1091200000000000000000000200002002000020FB
:1091300003FFFFE003FFFFE0020100200201002027
:10914000020180000201E0000201FC0003033F80F5
:10915000018607E001FC00E000F80020000000208C
:1091600000000000000000000000000000000000FF
:1091700000000000000000000000000000000000EF
:1091800000000000000000000000000000000000DF
:1091900000000000000000000000000000000000CF
:1091A0000000000000000000000000000078060041
:1091B00000FE01E0018600C003030040020300201E
:1091C00002018020020180200201C0200200C02094
:1091D0000100E060018070C003E03F8000001F00DC
:1091E000000000000000000000000000000000007F
:1091F000000000000000000000000000000000006F
:10920000000000000000000000000000000000005E
:10921000000000000000000000000000000000004E
:10922000000000000000000000600000038000005B
:1092300003000000020000000200002002000020E5
:1092400003FFFFE003FFFFE0020000200200002018
:1092500002000000020000000380000000E00000A7
:1092600000000000000000000000000000000000FE
:1092700000000000000000000000000000000000EE
:1092800000000000000000000000000000000000DE
:1092900000000000000000000000000000000000CE
:1092A00000000000020000000200000003FFFF00B9
:1092B00003FFFFC002000040020000600000002029
:1092C00000000020000000200000002002000040FC
:1092D0000200008003FFFF00020000000200000007
:1092E000000000000000000000000000000000007E
:1092F000000000000000000000000000000000006E
:10930000000000000000000000000000000000005D
:10931000000000000000000000000000000000004D
:109320000000000000000000020000000200000039
:1093300003C0000003FC0000023FC0000003F8006F
:1093400000007F80000007E0000007800000780038
:109350000203C000023C000003C000000200000045
:1093600002000000000000000000000000000000FB
:1093700000000000000000000000000000000000ED
:1093800000000000000000000000000000000000DD
:1093900000000000000000000000000000000000CD
:1093A000000000000200000003C0000003FF800076
:1093B000023FFE0002007FE000000F000200F0000C
:1093C00003EF000003FF8000020FFE0000003FE0FB
:1093D00000001F000207E00003F800000300000087
:1093E000020000000000000000000000000000007B
:1093F000000000000000000000000000000000006D
:10940000000000000000000000000000000000005C
:10941000000000000000000000000000000000004C
:1094200000000000000000000200002002000020F8
:10943000038000E003F0032002FC0C20021F300038
:109440000007C0000007F00002187C0002601F2027
:10945000038003E0020000E0020000200000002082
:1094600000000000000000000000000000000000FC
:1094700000000000000000000000000000000000EC
:1094800000000000000000000000000000000000DC
:1094900000000000000000000000000000000000CC
:1094A00000000000000000000200000003000000B7
:1094B00003C0000003F80000023E0020020FC0209D
:1094C0000001FFE000007FE000038020021C00207C
:1094D0000270000003800000020000000200000093
:1094E000000000000000000000000000000000007C
:1094F000000000000000000000000000000000006C
:10950000000000000000000000000000000000005B
:10951000000000000000000000000000000000004B
:10952000000000000000000000000020006000E0DB
:10953000038003E003000FA002003E200200F82099
:109540000203E020020F8020023E0020027800206B
:1095500003E00060038000E0020003000000000060
:1095600000000000000000000000000000000000FB
:1095700000000000000000000000000000000000EB
:1095800000000000000000000000000000000000DB
:1095900000000000000000000000000000000000CB
:1095A00000000000000000000000000000000000BB
:1095B0000000000000000000000000001FFFFFFC92
:1095C000100000041000000410000004100000044B
:1095D000100000041000000410000004000000004F
:1095E000000000000000000000000000000000007B
:1095F000000000000000000000000000000000006B
:10960000000000000000000000000000000000005A
:10961000000000000000000000000000000000004A
:10962000000000000000000000000000000000003A
:109630000700000003C0000000780000001E0000CA
:109640000003C0000000F00000001E0000000780C2
:10965000000000F00000003C0000000600000000D8
:1096600000000000000000000000000000000000FA
:1096700000000000000000000000000000000000EA
:1096800000000000000000000000000000000000DA
:1096900000000000000000000000000000000000CA
:1096A00000000000000000000000000010000004A6
:1096B000100000041000000410000004100000045A
:1096C00010000004100000041FFFFFFC0000000059
:1096D000000000000000000000000000000000008A
:1096E000000000000000000000000000000000007A
:1096F000000000000000000000000000000000006A
:109700000000000000000000000000000000000059
:109710000000000000000000000000000000000049
:109720000000000000000000000000000000000039
:10973000000000000200000004000000080000001B
:1097400018000000100000001800000018000000C1
:109750000400000002000000000000000000000003
:1097600000000000000000000000000000000000F9
:1097700000000000000000000000000000000000E9
:1097800000000000000000000000000000000000D9
:1097900000000000000000000000000000000000C9
:1097A00000000000000000010000000100000001B6
:1097B00000000001000000010000000100000001A5
:1097C0000000000100000001000000010000000195
:1097D0000000000100000001000000010000000185
:1097E0000000000100000000000000000000000078
:1097F0000000000000000000000000000000000069
:109800000000000000000000000000000000000058
:109810000000000000000000000000000000000048
:109820000000000000000000000000000000000038
:1098300010000000100000001000000018000000E0
:10984000080000000400000000000000000000000C
:109850000000000000000000000000000000000008
:1098600000000000000000000000000000000000F8
:1098700000000000000000000000000000000000E8
:1098800000000000000000000000000000000000D8
:1098900000000000000000000000000000000000C8
:1098A00000000000000000000000038000018FC0E5
:1098B00000038C6000061820000410200004102013
:1098C0000004202000042040000620400003FFC0C8
:1098D0000001FFE00000002000000020000000C0A8
:1098E0000000000000000000000000000000000078
:1098F0000000000000000000000000000000000068
:109900000000000000000000000000000000000057
:109910000000000000000000000000000000000047
:109920000000000000000000020000000200000033
:1099300003FFFFE007FFFFC0000180C000020060DE
:109940000002002000040020000400200004002089
:1099500000060040000300C00001FF800000FE0080
:1099600000000000000000000000000000000000F7
:1099700000000000000000000000000000000000E7
:1099800000000000000000000000000000000000D7
:1099900000000000000000000000000000000000C7
:1099A00000000000000000000000000000007E0039
:1099B0000001FF80000381C000020040000600207B
:1099C0000004002000040020000400200006002005
:1099D0000003C0400001C080000003000000000040
:1099E0000000000000000000000000000000000077
:1099F0000000000000000000000000000000000067
:109A00000000000000000000000000000000000056
:109A10000000000000000000000000000000000046
:109A200000000000000000000000000000007E00B8
:109A30000001FF80000380C00006006000040020D9
:109A40000004002000040020020400400202008004
:109A500003FFFFE007FFFFC00000004000000040E0
:109A600000000000000000000000000000000000F6
:109A700000000000000000000000000000000000E6
:109A800000000000000000000000000000000000D6
:109A900000000000000000000000000000000000C6
:109AA00000000000000000000000000000007E0038
:109AB0000001FF80000311C000021040000410608C
:109AC00000041020000410200004102000061020C4
:109AD000000310400001F0C0000071000000000011
:109AE0000000000000000000000000000000000076
:109AF0000000000000000000000000000000000066
:109B00000000000000000000000000000000000055
:109B10000000000000000000000000000000000045
:109B20000000000000000000000000000004000031
:109B3000000400200004002000040020007FFFE05B
:109B400001FFFFE0010400200304002002040020C4
:109B500002040020020400000200000001C0000016
:109B600001C0000000000000000000000000000034
:109B700000000000000000000000000000000000E5
:109B800000000000000000000000000000000000D5
:109B900000000000000000000000000000000000C5
:109BA0000000000000000000000000000000001C99
:109BB0000000E33E0003FFC200020CC3000404C126
:109BC000000404C1000404C1000404C100060CC167
:109BD0000003F8C30005F0620006007E0006003CAA
:109BE0000000000000000000000000000000000075
:109BF0000000000000000000000000000000000065
:109C00000000000000000000000000000000000054
:109C10000000000000000000000000000000000044
:109C200000000000000000000200002002000020F0
:109C300003FFFFE007FFFFE000010020000200201B
:109C400000060000000400000004000000040020E2
:109C5000000600200003FFE00001FFE000000020FC
:109C600000000020000000000000000000000000D4
:109C700000000000000000000000000000000000E4
:109C800000000000000000000000000000000000D4
:109C900000000000000000000000000000000000C4
:109CA00000000000000000000000000000000000B4
:109CB0000004002000040020000400200004002014
:109CC0000387FFE0038FFFE00380002000000020F7
:109CD0000000002000000020000000000000000044
:109CE0000000000000000000000000000000000074
:109CF0000000000000000000000000000000000064
:109D00000000000000000000000000000000000053
:109D10000000000000000000000000000000000043
:109D20000000000000000000000000000000000033
:109D30000000000600000007000000010000000114
:109D400000040001000400010004000300040006F8
:109D50000387FFFC038FFFF8038000000000000072
:109D600000000000000000000000000000000000F3
:109D700000000000000000000000000000000000E3
:109D800000000000000000000000000000000000D3
:109D900000000000000000000000000000000000C3
:109DA000000000000000000002000020020000206F
:109DB00003FFFFE007FFFFE0000008200000102085
:109DC000000030000000FC0000058E00000707A026
:109DD000000601E0000400E0000400200000002074
:109DE0000000000000000000000000000000000073
:109DF0000000000000000000000000000000000063
:109E00000000000000000000000000000000000052
:109E10000000000000000000000000000000000042
:109E20000000000000000000000000000000000032
:109E3000020000200200002002000020020000209A
:109E400003FFFFE007FFFFE000000020000000200C
:109E500000000020000000200000000000000000C2
:109E600000000000000000000000000000000000F2
:109E700000000000000000000000000000000000E2
:109E800000000000000000000000000000000000D2
:109E900000000000000000000000000000000000C2
:109EA0000000000000000000000400200007FFE0A8
:109EB000000FFFE00002002000040000000400206A
:109EC0000007FFE00003FFE00002002000040000A4
:109ED000000400200007FFE00003FFE00000002076
:109EE0000000000000000000000000000000000072
:109EF0000000000000000000000000000000000062
:109F00000000000000000000000000000000000051
:109F10000000000000000000000000000000000041
:109F200000000000000000000004002000040020E9
:109F30000007FFE0000FFFE000010020000200200A
:109F400000020000000400000004000000040020E3
:109F5000000600200003FFE00001FFE000000020F9
:109F600000000020000000000000000000000000D1
:109F700000000000000000000000000000000000E1
:109F800000000000000000000000000000000000D1
:109F900000000000000000000000000000000000C1
:109FA00000000000000000000000000000007E0033
:109FB0000000FF80000381C0000200400006002076
:109FC00000040020000400200004002000060020FF
:109FD00000020040000381C00001FF8000007E00FD
:109FE0000000000000000000000000000000000071
:109FF0000000000000000000000000000000000061
:10A000000000000000000000000000000000000050
:10A010000000000000000000000000000000000040
:10A020000000000000000000000400010004000126
:10A030000007FFFF000FFFFF000100C10002004109
:10A040000004002000040020000400200004002080
:10A0500000060040000301C00001FF8000007E00F8
:10A0600000000000000000000000000000000000F0
:10A0700000000000000000000000000000000000E0
:10A0800000000000000000000000000000000000D0
:10A0900000000000000000000000000000000000C0
:10A0A00000000000000000000000000000007E0032
:10A0B0000001FF80000380C0000200600004002057
:10A0C00000040020000400200004002000020041E1
:10A0D000000300C10003FFFF0007FFFF00000001B5
:10A0E000000000010000000000000000000000006F
:10A0F0000000000000000000000000000000000060
:10A10000000000000000000000000000000000004F
:10A11000000000000000000000000000000000003F
:10A1200000000000000000000004002000040020E7
:10A130000004002000040020000FFFE0000FFFE0FB
:10A140000000C020000100200002002000060020C6
:10A1500000040000000400000007000000030000ED
:10A1600000000000000000000000000000000000EF
:10A1700000000000000000000000000000000000DF
:10A1800000000000000000000000000000000000CF
:10A1900000000000000000000000000000000000BF
:10A1A000000000000000000000000000000003E0CC
:10A1B0000001C0E00003E040000630200004302031
:10A1C00000041820000418200004182000040C20AB
:10A1D00000020C60000307C000078380000000003D
:10A1E000000000000000000000000000000000006F
:10A1F000000000000000000000000000000000005F
:10A20000000000000000000000000000000000004E
:10A21000000000000000000000000000000000003E
:10A22000000000000000000000000000000400002A
:10A230000004000000040000000C0000001FFF806C
:10A2400000FFFFC0000400600004002000040020A4
:10A250000004002000040040000001800000000015
:10A2600000000000000000000000000000000000EE
:10A2700000000000000000000000000000000000DE
:10A2800000000000000000000000000000000000CE
:10A2900000000000000000000000000000000000BE
:10A2A00000000000000000000004000000040000A6
:10A2B0000007FF80000FFFC00000006000000020CA
:10A2C00000000020000000200000002000040040EA
:10A2D000000400800007FFE0000FFFC00000004006
:10A2E000000000400000000000000000000000002E
:10A2F000000000000000000000000000000000005E
:10A30000000000000000000000000000000000004D
:10A31000000000000000000000000000000000003D
:10A320000000000000000000000400000004000025
:10A33000000780000007F0000004FE0000041FC0BA
:10A34000000003E00000038000001C000004600027
:10A35000000780000006000000040000000000006C
:10A3600000000000000000000000000000000000ED
:10A3700000000000000000000000000000000000DD
:10A3800000000000000000000000000000000000CD
:10A3900000000000000000000000000000000000BD
:10A3A0000000000000040000000600000007C000DC
:10A3B0000007FC0000043F80000003E000040F8061
:10A3C0000006F0000007F0000007FF8000040FE027
:10A3D0000000038000043C000007C00000060000ED
:10A3E0000004000000000000000000000000000069
:10A3F000000000000000000000000000000000005D
:10A40000000000000000000000000000000000004C
:10A41000000000000000000000000000000000003C
:10A4200000000000000000000000002000040020E8
:10A4300000040060000700E0000783200007E6003A
:10A440000004F80000003C0000045E20000587A026
:10A45000000601E00004006000040020000000206D
:10A4600000000000000000000000000000000000EC
:10A4700000000000000000000000000000000000DC
:10A4800000000000000000000000000000000000CC
:10A4900000000000000000000000000000000000BC
:10A4A00000000000000000000004000000040003A1
:10A4B000000700030007E0010004F80100041F0288
:10A4C000000007FC000000E0000007000004380066
:10A4D0000007C000000600000004000000040000A7
:10A4E000000000000000000000000000000000006C
:10A4F000000000000000000000000000000000005C
:10A50000000000000000000000000000000000004B
:10A51000000000000000000000000000000000003B
:10A520000000000000000000000000000007806044
:10A53000000600E0000403E0000407A000040E2071
:10A5400000043C20000470200005E020000780206B
:10A5500000070060000400E000000380000000002D
:10A5600000000000000000000000000000000000EB
:10A5700000000000000000000000000000000000DB
:10A5800000000000000000000000000000000000CB
:10A5900000000000000000000000000000000000BB
:10A5A00000000000000000000000000000000000AB
:10A5B000000000000000000000000000000000009B
:10A5C00000008000000080000001400007FE3FF80E
:10A5D000080000041000000210000002000000004B
:10A5E000000000000000000000000000000000006B
:10A5F000000000000000000000000000000000005B
:10A60000000000000000000000000000000000004A
:10A61000000000000000000000000000000000003A
:10A62000000000000000000000000000000000002A
:10A63000000000000000000000000000000000001A
:10A6400000000000FFFFFFFF00000000000000000E
:10A6500000000000000000000000000000000000FA
:10A6600000000000000000000000000000000000EA
:10A6700000000000000000000000000000000000DA
:10A6800000000000000000000000000000000000CA
:10A6900000000000000000000000000000000000BA
:10A6A0000000000000000000000000001000000298
:10A6B000100000020800000407FE3FF800014000FF
:10A6C000000080000000800000000000000000008A
:10A6D000000000000000000000000000000000007A
:10A6E000000000000000000000000000000000006A
:10A6F000000000000000000000000000000000005A
:10A700000000000000000000000000000000000049
:10A710000000000000000000000000000000000039
:10A7200000000000000000001800000030000000E1
:10A730004000000040000000400000002000000039
:10A7400030000000080000000400000002000000CB
:10A7500002000000020000000C00000018000000D1
:10A7600000000000000000000000000000000000E9
:10A7700000000000000000000000000000000000D9
:10A7800000000000000000000000000000000000C9
:10A7900000000000000000000000000000000000B9
:10A7A0000000000030313233343536373839414219
:10A7B0004344454640305800303132333435363723
:10A7C00038396162636465664030780004000008CF
:10A7D0000000000000000002000100001000000066
:10A7E0003F000000646563006964000072756E7468
:10A7F000696D650068656C70000000006C697374B9
:10A800000000000068657800766F696420777269DF
:10A8100074655F61646472287533322061646472A8
:10A820002C7533322076616C29000000753332209C
:10A83000726561645F61646472287533322061649B
:10A8400064722900766F69642064656C61795F6D5C
:10A850007328753136206E6D73290000766F696438
:10A860002064656C61795F757328753332206E756D
:10A870007329000094A80008000000204C0100008B
:10A88000C4010008E4A800084C0100204C080000A6
:10A890002002000811031424F42AFF0113E0A71B6F
:10A8A00008F4041AFC041AE8041304A81B08E408BA
:10A8B0001AEC04131D4E1B082C1013555D1B0808C1
:10A8C0000813F14B1B084408130D4C1B085C0822AD
:10A8D000381420AD541B0859281AED041B0D55409F
:04A8E0002102DC0174
:040000050800018965
:00000001FF
